Copyright 1986-2022 Xilinx, Inc. All Rights Reserved. Copyright 2022-2025 Advanced Micro Devices, Inc. All Rights Reserved.
---------------------------------------------------------------------------------------------------------------------------------------------------------------------------------------------------------------------
| Tool Version : Vivado v.2025.2 (win64) Build 6299465 Fri Nov 14 19:35:11 GMT 2025
| Date         : Mon May 25 02:12:43 2026
| Host         : JoniDeLaMircesti running 64-bit major release  (build 9200)
| Command      : report_timing_summary -max_paths 10 -routable_nets -report_unconstrained -file osc_timing_summary_routed.rpt -pb osc_timing_summary_routed.pb -rpx osc_timing_summary_routed.rpx -warn_on_violation
| Design       : osc
| Device       : 7z020-clg484
| Speed File   : -1  PRODUCTION 1.12 2019-11-22
| Design State : Routed
---------------------------------------------------------------------------------------------------------------------------------------------------------------------------------------------------------------------

Timing Summary Report

------------------------------------------------------------------------------------------------
| Timer Settings
| --------------
------------------------------------------------------------------------------------------------

  Enable Multi Corner Analysis               :  Yes
  Enable Pessimism Removal                   :  Yes
  Pessimism Removal Resolution               :  Nearest Common Node
  Enable Input Delay Default Clock           :  No
  Enable Preset / Clear Arcs                 :  No
  Disable Flight Delays                      :  No
  Ignore I/O Paths                           :  No
  Timing Early Launch at Borrowing Latches   :  No
  Borrow Time for Max Delay Exceptions       :  Yes
  Merge Timing Exceptions                    :  Yes
  Inter-SLR Compensation                     :  Conservative

  Corner  Analyze    Analyze    
  Name    Max Paths  Min Paths  
  ------  ---------  ---------  
  Slow    Yes        Yes        
  Fast    Yes        Yes        


------------------------------------------------------------------------------------------------
| Report Methodology
| ------------------
------------------------------------------------------------------------------------------------

Rule       Severity  Description                                 Violations  
---------  --------  ------------------------------------------  ----------  
SYNTH-6    Warning   Timing of a RAM block might be sub-optimal  2           
TIMING-18  Warning   Missing input or output delay               10          

Note: This report is based on the most recent report_methodology run and may not be up-to-date. Run report_methodology on the current design for the latest report.



check_timing report

Table of Contents
-----------------
1. checking no_clock (0)
2. checking constant_clock (0)
3. checking pulse_width_clock (0)
4. checking unconstrained_internal_endpoints (0)
5. checking no_input_delay (2)
6. checking no_output_delay (8)
7. checking multiple_clock (0)
8. checking generated_clocks (0)
9. checking loops (0)
10. checking partial_input_delay (0)
11. checking partial_output_delay (0)
12. checking latch_loops (0)

1. checking no_clock (0)
------------------------
 There are 0 register/latch pins with no clock.


2. checking constant_clock (0)
------------------------------
 There are 0 register/latch pins with constant_clock.


3. checking pulse_width_clock (0)
---------------------------------
 There are 0 register/latch pins which need pulse_width check


4. checking unconstrained_internal_endpoints (0)
------------------------------------------------
 There are 0 pins that are not constrained for maximum delay.

 There are 0 pins that are not constrained for maximum delay due to constant clock.


5. checking no_input_delay (2)
------------------------------
 There are 2 input ports with no input delay specified. (HIGH)

 There are 0 input ports with no input delay but user has a false path constraint.


6. checking no_output_delay (8)
-------------------------------
 There are 8 ports with no output delay specified. (HIGH)

 There are 0 ports with no output delay but user has a false path constraint

 There are 0 ports with no output delay but with a timing clock defined on it or propagating through it


7. checking multiple_clock (0)
------------------------------
 There are 0 register/latch pins with multiple clocks.


8. checking generated_clocks (0)
--------------------------------
 There are 0 generated clocks that are not connected to a clock source.


9. checking loops (0)
---------------------
 There are 0 combinational loops in the design.


10. checking partial_input_delay (0)
------------------------------------
 There are 0 input ports with partial input delay specified.


11. checking partial_output_delay (0)
-------------------------------------
 There are 0 ports with partial output delay specified.


12. checking latch_loops (0)
----------------------------
 There are 0 combinational latch loops in the design through latch input



------------------------------------------------------------------------------------------------
| Design Timing Summary
| ---------------------
------------------------------------------------------------------------------------------------

    WNS(ns)      TNS(ns)  TNS Failing Endpoints  TNS Total Endpoints      WHS(ns)      THS(ns)  THS Failing Endpoints  THS Total Endpoints     WPWS(ns)     TPWS(ns)  TPWS Failing Endpoints  TPWS Total Endpoints  
    -------      -------  ---------------------  -------------------      -------      -------  ---------------------  -------------------     --------     --------  ----------------------  --------------------  
      2.646        0.000                      0                  757        0.081        0.000                      0                  757        4.500        0.000                       0                   359  


All user specified timing constraints are met.


------------------------------------------------------------------------------------------------
| Clock Summary
| -------------
------------------------------------------------------------------------------------------------

Clock  Waveform(ns)       Period(ns)      Frequency(MHz)
-----  ------------       ----------      --------------
clk    {0.000 5.000}      10.000          100.000         


------------------------------------------------------------------------------------------------
| Intra Clock Table
| -----------------
------------------------------------------------------------------------------------------------

Clock             WNS(ns)      TNS(ns)  TNS Failing Endpoints  TNS Total Endpoints      WHS(ns)      THS(ns)  THS Failing Endpoints  THS Total Endpoints     WPWS(ns)     TPWS(ns)  TPWS Failing Endpoints  TPWS Total Endpoints  
-----             -------      -------  ---------------------  -------------------      -------      -------  ---------------------  -------------------     --------     --------  ----------------------  --------------------  
clk                 2.646        0.000                      0                  757        0.081        0.000                      0                  757        4.500        0.000                       0                   359  


------------------------------------------------------------------------------------------------
| Inter Clock Table
| -----------------
------------------------------------------------------------------------------------------------

From Clock    To Clock          WNS(ns)      TNS(ns)  TNS Failing Endpoints  TNS Total Endpoints      WHS(ns)      THS(ns)  THS Failing Endpoints  THS Total Endpoints  
----------    --------          -------      -------  ---------------------  -------------------      -------      -------  ---------------------  -------------------  


------------------------------------------------------------------------------------------------
| Other Path Groups Table
| -----------------------
------------------------------------------------------------------------------------------------

Path Group    From Clock    To Clock          WNS(ns)      TNS(ns)  TNS Failing Endpoints  TNS Total Endpoints      WHS(ns)      THS(ns)  THS Failing Endpoints  THS Total Endpoints  
----------    ----------    --------          -------      -------  ---------------------  -------------------      -------      -------  ---------------------  -------------------  


------------------------------------------------------------------------------------------------
| User Ignored Path Table
| -----------------------
------------------------------------------------------------------------------------------------

Path Group    From Clock    To Clock    
----------    ----------    --------    


------------------------------------------------------------------------------------------------
| Unconstrained Path Table
| ------------------------
------------------------------------------------------------------------------------------------

Path Group    From Clock    To Clock    
----------    ----------    --------    
(none)        clk                         
(none)                      clk           


------------------------------------------------------------------------------------------------
| Timing Details
| --------------
------------------------------------------------------------------------------------------------


---------------------------------------------------------------------------------------------------
From Clock:  clk
  To Clock:  clk

Setup :            0  Failing Endpoints,  Worst Slack        2.646ns,  Total Violation        0.000ns
Hold  :            0  Failing Endpoints,  Worst Slack        0.081ns,  Total Violation        0.000ns
PW    :            0  Failing Endpoints,  Worst Slack        4.500ns,  Total Violation        0.000ns
---------------------------------------------------------------------------------------------------


Max Delay Paths
--------------------------------------------------------------------------------------
Slack (MET) :             2.646ns  (required time - arrival time)
  Source:                 u_wave/clk_div_max_reg[1]/C
                            (rising edge-triggered cell FDRE clocked by clk  {rise@0.000ns fall@5.000ns period=10.000ns})
  Destination:            u_wave/div_counter_reg[4]/R
                            (rising edge-triggered cell FDRE clocked by clk  {rise@0.000ns fall@5.000ns period=10.000ns})
  Path Group:             clk
  Path Type:              Setup (Max at Slow Process Corner)
  Requirement:            10.000ns  (clk rise@10.000ns - clk rise@0.000ns)
  Data Path Delay:        6.568ns  (logic 3.252ns (49.512%)  route 3.316ns (50.488%))
  Logic Levels:           7  (CARRY4=4 LUT1=1 LUT2=1 LUT4=1)
  Clock Path Skew:        -0.023ns (DCD - SCD + CPR)
    Destination Clock Delay (DCD):    5.191ns = ( 15.191 - 10.000 ) 
    Source Clock Delay      (SCD):    5.662ns
    Clock Pessimism Removal (CPR):    0.449ns
  Clock Uncertainty:      0.035ns  ((TSJ^2 + TIJ^2)^1/2 + DJ) / 2 + PE
    Total System Jitter     (TSJ):    0.071ns
    Total Input Jitter      (TIJ):    0.000ns
    Discrete Jitter          (DJ):    0.000ns
    Phase Error              (PE):    0.000ns

    Location             Delay type                Incr(ns)  Path(ns)    Netlist Resource(s)
  -------------------------------------------------------------------    -------------------
                         (clock clk rise edge)        0.000     0.000 r  
    Y9                                                0.000     0.000 r  clk (IN)
                         net (fo=0)                   0.000     0.000    clk
    Y9                   IBUF (Prop_ibuf_I_O)         1.490     1.490 r  clk_IBUF_inst/O
                         net (fo=1, routed)           2.171     3.661    clk_IBUF
    BUFGCTRL_X0Y0        BUFG (Prop_bufg_I_O)         0.101     3.762 r  clk_IBUF_BUFG_inst/O
                         net (fo=358, routed)         1.900     5.662    u_wave/clk_IBUF_BUFG
    SLICE_X89Y127        FDRE                                         r  u_wave/clk_div_max_reg[1]/C
  -------------------------------------------------------------------    -------------------
    SLICE_X89Y127        FDRE (Prop_fdre_C_Q)         0.419     6.081 f  u_wave/clk_div_max_reg[1]/Q
                         net (fo=2, routed)           0.557     6.638    u_wave/clk_div_max_reg_n_0_[1]
    SLICE_X89Y126        LUT1 (Prop_lut1_I0_O)        0.299     6.937 r  u_wave/clk_en1_carry_i_3/O
                         net (fo=1, routed)           0.000     6.937    u_wave/clk_en1_carry_i_3_n_0
    SLICE_X89Y126        CARRY4 (Prop_carry4_S[0]_CO[3])
                                                      0.532     7.469 r  u_wave/clk_en1_carry/CO[3]
                         net (fo=3, routed)           0.859     8.328    u_wave/clk_en1_carry_n_0
    SLICE_X88Y126        CARRY4 (Prop_carry4_CYINIT_CO[3])
                                                      0.580     8.908 r  u_wave/clk_en0_carry_i_9/CO[3]
                         net (fo=1, routed)           0.000     8.908    u_wave/clk_en0_carry_i_9_n_0
    SLICE_X88Y127        CARRY4 (Prop_carry4_CI_CO[0])
                                                      0.271     9.179 r  u_wave/clk_en0_carry__0_i_5/CO[0]
                         net (fo=2, routed)           0.587     9.766    u_wave/clk_en1[8]
    SLICE_X87Y127        LUT4 (Prop_lut4_I3_O)        0.373    10.139 r  u_wave/clk_en0_carry__0_i_4/O
                         net (fo=1, routed)           0.000    10.139    u_wave/clk_en0_carry__0_i_4_n_0
    SLICE_X87Y127        CARRY4 (Prop_carry4_S[0]_CO[1])
                                                      0.457    10.596 r  u_wave/clk_en0_carry__0/CO[1]
                         net (fo=2, routed)           0.611    11.208    u_wave/clk_en0_carry__0_n_2
    SLICE_X86Y130        LUT2 (Prop_lut2_I1_O)        0.321    11.529 r  u_wave/div_counter[0]_i_1__0/O
                         net (fo=12, routed)          0.702    12.230    u_wave/div_counter[0]_i_1__0_n_0
    SLICE_X86Y126        FDRE                                         r  u_wave/div_counter_reg[4]/R
  -------------------------------------------------------------------    -------------------

                         (clock clk rise edge)       10.000    10.000 r  
    Y9                                                0.000    10.000 r  clk (IN)
                         net (fo=0)                   0.000    10.000    clk
    Y9                   IBUF (Prop_ibuf_I_O)         1.420    11.420 r  clk_IBUF_inst/O
                         net (fo=1, routed)           1.972    13.392    clk_IBUF
    BUFGCTRL_X0Y0        BUFG (Prop_bufg_I_O)         0.091    13.483 r  clk_IBUF_BUFG_inst/O
                         net (fo=358, routed)         1.708    15.191    u_wave/clk_IBUF_BUFG
    SLICE_X86Y126        FDRE                                         r  u_wave/div_counter_reg[4]/C
                         clock pessimism              0.449    15.639    
                         clock uncertainty           -0.035    15.604    
    SLICE_X86Y126        FDRE (Setup_fdre_C_R)       -0.728    14.876    u_wave/div_counter_reg[4]
  -------------------------------------------------------------------
                         required time                         14.876    
                         arrival time                         -12.230    
  -------------------------------------------------------------------
                         slack                                  2.646    

Slack (MET) :             2.646ns  (required time - arrival time)
  Source:                 u_wave/clk_div_max_reg[1]/C
                            (rising edge-triggered cell FDRE clocked by clk  {rise@0.000ns fall@5.000ns period=10.000ns})
  Destination:            u_wave/div_counter_reg[5]/R
                            (rising edge-triggered cell FDRE clocked by clk  {rise@0.000ns fall@5.000ns period=10.000ns})
  Path Group:             clk
  Path Type:              Setup (Max at Slow Process Corner)
  Requirement:            10.000ns  (clk rise@10.000ns - clk rise@0.000ns)
  Data Path Delay:        6.568ns  (logic 3.252ns (49.512%)  route 3.316ns (50.488%))
  Logic Levels:           7  (CARRY4=4 LUT1=1 LUT2=1 LUT4=1)
  Clock Path Skew:        -0.023ns (DCD - SCD + CPR)
    Destination Clock Delay (DCD):    5.191ns = ( 15.191 - 10.000 ) 
    Source Clock Delay      (SCD):    5.662ns
    Clock Pessimism Removal (CPR):    0.449ns
  Clock Uncertainty:      0.035ns  ((TSJ^2 + TIJ^2)^1/2 + DJ) / 2 + PE
    Total System Jitter     (TSJ):    0.071ns
    Total Input Jitter      (TIJ):    0.000ns
    Discrete Jitter          (DJ):    0.000ns
    Phase Error              (PE):    0.000ns

    Location             Delay type                Incr(ns)  Path(ns)    Netlist Resource(s)
  -------------------------------------------------------------------    -------------------
                         (clock clk rise edge)        0.000     0.000 r  
    Y9                                                0.000     0.000 r  clk (IN)
                         net (fo=0)                   0.000     0.000    clk
    Y9                   IBUF (Prop_ibuf_I_O)         1.490     1.490 r  clk_IBUF_inst/O
                         net (fo=1, routed)           2.171     3.661    clk_IBUF
    BUFGCTRL_X0Y0        BUFG (Prop_bufg_I_O)         0.101     3.762 r  clk_IBUF_BUFG_inst/O
                         net (fo=358, routed)         1.900     5.662    u_wave/clk_IBUF_BUFG
    SLICE_X89Y127        FDRE                                         r  u_wave/clk_div_max_reg[1]/C
  -------------------------------------------------------------------    -------------------
    SLICE_X89Y127        FDRE (Prop_fdre_C_Q)         0.419     6.081 f  u_wave/clk_div_max_reg[1]/Q
                         net (fo=2, routed)           0.557     6.638    u_wave/clk_div_max_reg_n_0_[1]
    SLICE_X89Y126        LUT1 (Prop_lut1_I0_O)        0.299     6.937 r  u_wave/clk_en1_carry_i_3/O
                         net (fo=1, routed)           0.000     6.937    u_wave/clk_en1_carry_i_3_n_0
    SLICE_X89Y126        CARRY4 (Prop_carry4_S[0]_CO[3])
                                                      0.532     7.469 r  u_wave/clk_en1_carry/CO[3]
                         net (fo=3, routed)           0.859     8.328    u_wave/clk_en1_carry_n_0
    SLICE_X88Y126        CARRY4 (Prop_carry4_CYINIT_CO[3])
                                                      0.580     8.908 r  u_wave/clk_en0_carry_i_9/CO[3]
                         net (fo=1, routed)           0.000     8.908    u_wave/clk_en0_carry_i_9_n_0
    SLICE_X88Y127        CARRY4 (Prop_carry4_CI_CO[0])
                                                      0.271     9.179 r  u_wave/clk_en0_carry__0_i_5/CO[0]
                         net (fo=2, routed)           0.587     9.766    u_wave/clk_en1[8]
    SLICE_X87Y127        LUT4 (Prop_lut4_I3_O)        0.373    10.139 r  u_wave/clk_en0_carry__0_i_4/O
                         net (fo=1, routed)           0.000    10.139    u_wave/clk_en0_carry__0_i_4_n_0
    SLICE_X87Y127        CARRY4 (Prop_carry4_S[0]_CO[1])
                                                      0.457    10.596 r  u_wave/clk_en0_carry__0/CO[1]
                         net (fo=2, routed)           0.611    11.208    u_wave/clk_en0_carry__0_n_2
    SLICE_X86Y130        LUT2 (Prop_lut2_I1_O)        0.321    11.529 r  u_wave/div_counter[0]_i_1__0/O
                         net (fo=12, routed)          0.702    12.230    u_wave/div_counter[0]_i_1__0_n_0
    SLICE_X86Y126        FDRE                                         r  u_wave/div_counter_reg[5]/R
  -------------------------------------------------------------------    -------------------

                         (clock clk rise edge)       10.000    10.000 r  
    Y9                                                0.000    10.000 r  clk (IN)
                         net (fo=0)                   0.000    10.000    clk
    Y9                   IBUF (Prop_ibuf_I_O)         1.420    11.420 r  clk_IBUF_inst/O
                         net (fo=1, routed)           1.972    13.392    clk_IBUF
    BUFGCTRL_X0Y0        BUFG (Prop_bufg_I_O)         0.091    13.483 r  clk_IBUF_BUFG_inst/O
                         net (fo=358, routed)         1.708    15.191    u_wave/clk_IBUF_BUFG
    SLICE_X86Y126        FDRE                                         r  u_wave/div_counter_reg[5]/C
                         clock pessimism              0.449    15.639    
                         clock uncertainty           -0.035    15.604    
    SLICE_X86Y126        FDRE (Setup_fdre_C_R)       -0.728    14.876    u_wave/div_counter_reg[5]
  -------------------------------------------------------------------
                         required time                         14.876    
                         arrival time                         -12.230    
  -------------------------------------------------------------------
                         slack                                  2.646    

Slack (MET) :             2.646ns  (required time - arrival time)
  Source:                 u_wave/clk_div_max_reg[1]/C
                            (rising edge-triggered cell FDRE clocked by clk  {rise@0.000ns fall@5.000ns period=10.000ns})
  Destination:            u_wave/div_counter_reg[6]/R
                            (rising edge-triggered cell FDRE clocked by clk  {rise@0.000ns fall@5.000ns period=10.000ns})
  Path Group:             clk
  Path Type:              Setup (Max at Slow Process Corner)
  Requirement:            10.000ns  (clk rise@10.000ns - clk rise@0.000ns)
  Data Path Delay:        6.568ns  (logic 3.252ns (49.512%)  route 3.316ns (50.488%))
  Logic Levels:           7  (CARRY4=4 LUT1=1 LUT2=1 LUT4=1)
  Clock Path Skew:        -0.023ns (DCD - SCD + CPR)
    Destination Clock Delay (DCD):    5.191ns = ( 15.191 - 10.000 ) 
    Source Clock Delay      (SCD):    5.662ns
    Clock Pessimism Removal (CPR):    0.449ns
  Clock Uncertainty:      0.035ns  ((TSJ^2 + TIJ^2)^1/2 + DJ) / 2 + PE
    Total System Jitter     (TSJ):    0.071ns
    Total Input Jitter      (TIJ):    0.000ns
    Discrete Jitter          (DJ):    0.000ns
    Phase Error              (PE):    0.000ns

    Location             Delay type                Incr(ns)  Path(ns)    Netlist Resource(s)
  -------------------------------------------------------------------    -------------------
                         (clock clk rise edge)        0.000     0.000 r  
    Y9                                                0.000     0.000 r  clk (IN)
                         net (fo=0)                   0.000     0.000    clk
    Y9                   IBUF (Prop_ibuf_I_O)         1.490     1.490 r  clk_IBUF_inst/O
                         net (fo=1, routed)           2.171     3.661    clk_IBUF
    BUFGCTRL_X0Y0        BUFG (Prop_bufg_I_O)         0.101     3.762 r  clk_IBUF_BUFG_inst/O
                         net (fo=358, routed)         1.900     5.662    u_wave/clk_IBUF_BUFG
    SLICE_X89Y127        FDRE                                         r  u_wave/clk_div_max_reg[1]/C
  -------------------------------------------------------------------    -------------------
    SLICE_X89Y127        FDRE (Prop_fdre_C_Q)         0.419     6.081 f  u_wave/clk_div_max_reg[1]/Q
                         net (fo=2, routed)           0.557     6.638    u_wave/clk_div_max_reg_n_0_[1]
    SLICE_X89Y126        LUT1 (Prop_lut1_I0_O)        0.299     6.937 r  u_wave/clk_en1_carry_i_3/O
                         net (fo=1, routed)           0.000     6.937    u_wave/clk_en1_carry_i_3_n_0
    SLICE_X89Y126        CARRY4 (Prop_carry4_S[0]_CO[3])
                                                      0.532     7.469 r  u_wave/clk_en1_carry/CO[3]
                         net (fo=3, routed)           0.859     8.328    u_wave/clk_en1_carry_n_0
    SLICE_X88Y126        CARRY4 (Prop_carry4_CYINIT_CO[3])
                                                      0.580     8.908 r  u_wave/clk_en0_carry_i_9/CO[3]
                         net (fo=1, routed)           0.000     8.908    u_wave/clk_en0_carry_i_9_n_0
    SLICE_X88Y127        CARRY4 (Prop_carry4_CI_CO[0])
                                                      0.271     9.179 r  u_wave/clk_en0_carry__0_i_5/CO[0]
                         net (fo=2, routed)           0.587     9.766    u_wave/clk_en1[8]
    SLICE_X87Y127        LUT4 (Prop_lut4_I3_O)        0.373    10.139 r  u_wave/clk_en0_carry__0_i_4/O
                         net (fo=1, routed)           0.000    10.139    u_wave/clk_en0_carry__0_i_4_n_0
    SLICE_X87Y127        CARRY4 (Prop_carry4_S[0]_CO[1])
                                                      0.457    10.596 r  u_wave/clk_en0_carry__0/CO[1]
                         net (fo=2, routed)           0.611    11.208    u_wave/clk_en0_carry__0_n_2
    SLICE_X86Y130        LUT2 (Prop_lut2_I1_O)        0.321    11.529 r  u_wave/div_counter[0]_i_1__0/O
                         net (fo=12, routed)          0.702    12.230    u_wave/div_counter[0]_i_1__0_n_0
    SLICE_X86Y126        FDRE                                         r  u_wave/div_counter_reg[6]/R
  -------------------------------------------------------------------    -------------------

                         (clock clk rise edge)       10.000    10.000 r  
    Y9                                                0.000    10.000 r  clk (IN)
                         net (fo=0)                   0.000    10.000    clk
    Y9                   IBUF (Prop_ibuf_I_O)         1.420    11.420 r  clk_IBUF_inst/O
                         net (fo=1, routed)           1.972    13.392    clk_IBUF
    BUFGCTRL_X0Y0        BUFG (Prop_bufg_I_O)         0.091    13.483 r  clk_IBUF_BUFG_inst/O
                         net (fo=358, routed)         1.708    15.191    u_wave/clk_IBUF_BUFG
    SLICE_X86Y126        FDRE                                         r  u_wave/div_counter_reg[6]/C
                         clock pessimism              0.449    15.639    
                         clock uncertainty           -0.035    15.604    
    SLICE_X86Y126        FDRE (Setup_fdre_C_R)       -0.728    14.876    u_wave/div_counter_reg[6]
  -------------------------------------------------------------------
                         required time                         14.876    
                         arrival time                         -12.230    
  -------------------------------------------------------------------
                         slack                                  2.646    

Slack (MET) :             2.646ns  (required time - arrival time)
  Source:                 u_wave/clk_div_max_reg[1]/C
                            (rising edge-triggered cell FDRE clocked by clk  {rise@0.000ns fall@5.000ns period=10.000ns})
  Destination:            u_wave/div_counter_reg[7]/R
                            (rising edge-triggered cell FDRE clocked by clk  {rise@0.000ns fall@5.000ns period=10.000ns})
  Path Group:             clk
  Path Type:              Setup (Max at Slow Process Corner)
  Requirement:            10.000ns  (clk rise@10.000ns - clk rise@0.000ns)
  Data Path Delay:        6.568ns  (logic 3.252ns (49.512%)  route 3.316ns (50.488%))
  Logic Levels:           7  (CARRY4=4 LUT1=1 LUT2=1 LUT4=1)
  Clock Path Skew:        -0.023ns (DCD - SCD + CPR)
    Destination Clock Delay (DCD):    5.191ns = ( 15.191 - 10.000 ) 
    Source Clock Delay      (SCD):    5.662ns
    Clock Pessimism Removal (CPR):    0.449ns
  Clock Uncertainty:      0.035ns  ((TSJ^2 + TIJ^2)^1/2 + DJ) / 2 + PE
    Total System Jitter     (TSJ):    0.071ns
    Total Input Jitter      (TIJ):    0.000ns
    Discrete Jitter          (DJ):    0.000ns
    Phase Error              (PE):    0.000ns

    Location             Delay type                Incr(ns)  Path(ns)    Netlist Resource(s)
  -------------------------------------------------------------------    -------------------
                         (clock clk rise edge)        0.000     0.000 r  
    Y9                                                0.000     0.000 r  clk (IN)
                         net (fo=0)                   0.000     0.000    clk
    Y9                   IBUF (Prop_ibuf_I_O)         1.490     1.490 r  clk_IBUF_inst/O
                         net (fo=1, routed)           2.171     3.661    clk_IBUF
    BUFGCTRL_X0Y0        BUFG (Prop_bufg_I_O)         0.101     3.762 r  clk_IBUF_BUFG_inst/O
                         net (fo=358, routed)         1.900     5.662    u_wave/clk_IBUF_BUFG
    SLICE_X89Y127        FDRE                                         r  u_wave/clk_div_max_reg[1]/C
  -------------------------------------------------------------------    -------------------
    SLICE_X89Y127        FDRE (Prop_fdre_C_Q)         0.419     6.081 f  u_wave/clk_div_max_reg[1]/Q
                         net (fo=2, routed)           0.557     6.638    u_wave/clk_div_max_reg_n_0_[1]
    SLICE_X89Y126        LUT1 (Prop_lut1_I0_O)        0.299     6.937 r  u_wave/clk_en1_carry_i_3/O
                         net (fo=1, routed)           0.000     6.937    u_wave/clk_en1_carry_i_3_n_0
    SLICE_X89Y126        CARRY4 (Prop_carry4_S[0]_CO[3])
                                                      0.532     7.469 r  u_wave/clk_en1_carry/CO[3]
                         net (fo=3, routed)           0.859     8.328    u_wave/clk_en1_carry_n_0
    SLICE_X88Y126        CARRY4 (Prop_carry4_CYINIT_CO[3])
                                                      0.580     8.908 r  u_wave/clk_en0_carry_i_9/CO[3]
                         net (fo=1, routed)           0.000     8.908    u_wave/clk_en0_carry_i_9_n_0
    SLICE_X88Y127        CARRY4 (Prop_carry4_CI_CO[0])
                                                      0.271     9.179 r  u_wave/clk_en0_carry__0_i_5/CO[0]
                         net (fo=2, routed)           0.587     9.766    u_wave/clk_en1[8]
    SLICE_X87Y127        LUT4 (Prop_lut4_I3_O)        0.373    10.139 r  u_wave/clk_en0_carry__0_i_4/O
                         net (fo=1, routed)           0.000    10.139    u_wave/clk_en0_carry__0_i_4_n_0
    SLICE_X87Y127        CARRY4 (Prop_carry4_S[0]_CO[1])
                                                      0.457    10.596 r  u_wave/clk_en0_carry__0/CO[1]
                         net (fo=2, routed)           0.611    11.208    u_wave/clk_en0_carry__0_n_2
    SLICE_X86Y130        LUT2 (Prop_lut2_I1_O)        0.321    11.529 r  u_wave/div_counter[0]_i_1__0/O
                         net (fo=12, routed)          0.702    12.230    u_wave/div_counter[0]_i_1__0_n_0
    SLICE_X86Y126        FDRE                                         r  u_wave/div_counter_reg[7]/R
  -------------------------------------------------------------------    -------------------

                         (clock clk rise edge)       10.000    10.000 r  
    Y9                                                0.000    10.000 r  clk (IN)
                         net (fo=0)                   0.000    10.000    clk
    Y9                   IBUF (Prop_ibuf_I_O)         1.420    11.420 r  clk_IBUF_inst/O
                         net (fo=1, routed)           1.972    13.392    clk_IBUF
    BUFGCTRL_X0Y0        BUFG (Prop_bufg_I_O)         0.091    13.483 r  clk_IBUF_BUFG_inst/O
                         net (fo=358, routed)         1.708    15.191    u_wave/clk_IBUF_BUFG
    SLICE_X86Y126        FDRE                                         r  u_wave/div_counter_reg[7]/C
                         clock pessimism              0.449    15.639    
                         clock uncertainty           -0.035    15.604    
    SLICE_X86Y126        FDRE (Setup_fdre_C_R)       -0.728    14.876    u_wave/div_counter_reg[7]
  -------------------------------------------------------------------
                         required time                         14.876    
                         arrival time                         -12.230    
  -------------------------------------------------------------------
                         slack                                  2.646    

Slack (MET) :             2.696ns  (required time - arrival time)
  Source:                 u_wave/clk_div_max_reg[1]/C
                            (rising edge-triggered cell FDRE clocked by clk  {rise@0.000ns fall@5.000ns period=10.000ns})
  Destination:            u_wave/div_counter_reg[10]/R
                            (rising edge-triggered cell FDRE clocked by clk  {rise@0.000ns fall@5.000ns period=10.000ns})
  Path Group:             clk
  Path Type:              Setup (Max at Slow Process Corner)
  Requirement:            10.000ns  (clk rise@10.000ns - clk rise@0.000ns)
  Data Path Delay:        6.519ns  (logic 3.252ns (49.885%)  route 3.267ns (50.115%))
  Logic Levels:           7  (CARRY4=4 LUT1=1 LUT2=1 LUT4=1)
  Clock Path Skew:        -0.022ns (DCD - SCD + CPR)
    Destination Clock Delay (DCD):    5.192ns = ( 15.192 - 10.000 ) 
    Source Clock Delay      (SCD):    5.662ns
    Clock Pessimism Removal (CPR):    0.449ns
  Clock Uncertainty:      0.035ns  ((TSJ^2 + TIJ^2)^1/2 + DJ) / 2 + PE
    Total System Jitter     (TSJ):    0.071ns
    Total Input Jitter      (TIJ):    0.000ns
    Discrete Jitter          (DJ):    0.000ns
    Phase Error              (PE):    0.000ns

    Location             Delay type                Incr(ns)  Path(ns)    Netlist Resource(s)
  -------------------------------------------------------------------    -------------------
                         (clock clk rise edge)        0.000     0.000 r  
    Y9                                                0.000     0.000 r  clk (IN)
                         net (fo=0)                   0.000     0.000    clk
    Y9                   IBUF (Prop_ibuf_I_O)         1.490     1.490 r  clk_IBUF_inst/O
                         net (fo=1, routed)           2.171     3.661    clk_IBUF
    BUFGCTRL_X0Y0        BUFG (Prop_bufg_I_O)         0.101     3.762 r  clk_IBUF_BUFG_inst/O
                         net (fo=358, routed)         1.900     5.662    u_wave/clk_IBUF_BUFG
    SLICE_X89Y127        FDRE                                         r  u_wave/clk_div_max_reg[1]/C
  -------------------------------------------------------------------    -------------------
    SLICE_X89Y127        FDRE (Prop_fdre_C_Q)         0.419     6.081 f  u_wave/clk_div_max_reg[1]/Q
                         net (fo=2, routed)           0.557     6.638    u_wave/clk_div_max_reg_n_0_[1]
    SLICE_X89Y126        LUT1 (Prop_lut1_I0_O)        0.299     6.937 r  u_wave/clk_en1_carry_i_3/O
                         net (fo=1, routed)           0.000     6.937    u_wave/clk_en1_carry_i_3_n_0
    SLICE_X89Y126        CARRY4 (Prop_carry4_S[0]_CO[3])
                                                      0.532     7.469 r  u_wave/clk_en1_carry/CO[3]
                         net (fo=3, routed)           0.859     8.328    u_wave/clk_en1_carry_n_0
    SLICE_X88Y126        CARRY4 (Prop_carry4_CYINIT_CO[3])
                                                      0.580     8.908 r  u_wave/clk_en0_carry_i_9/CO[3]
                         net (fo=1, routed)           0.000     8.908    u_wave/clk_en0_carry_i_9_n_0
    SLICE_X88Y127        CARRY4 (Prop_carry4_CI_CO[0])
                                                      0.271     9.179 r  u_wave/clk_en0_carry__0_i_5/CO[0]
                         net (fo=2, routed)           0.587     9.766    u_wave/clk_en1[8]
    SLICE_X87Y127        LUT4 (Prop_lut4_I3_O)        0.373    10.139 r  u_wave/clk_en0_carry__0_i_4/O
                         net (fo=1, routed)           0.000    10.139    u_wave/clk_en0_carry__0_i_4_n_0
    SLICE_X87Y127        CARRY4 (Prop_carry4_S[0]_CO[1])
                                                      0.457    10.596 r  u_wave/clk_en0_carry__0/CO[1]
                         net (fo=2, routed)           0.611    11.208    u_wave/clk_en0_carry__0_n_2
    SLICE_X86Y130        LUT2 (Prop_lut2_I1_O)        0.321    11.529 r  u_wave/div_counter[0]_i_1__0/O
                         net (fo=12, routed)          0.653    12.181    u_wave/div_counter[0]_i_1__0_n_0
    SLICE_X86Y127        FDRE                                         r  u_wave/div_counter_reg[10]/R
  -------------------------------------------------------------------    -------------------

                         (clock clk rise edge)       10.000    10.000 r  
    Y9                                                0.000    10.000 r  clk (IN)
                         net (fo=0)                   0.000    10.000    clk
    Y9                   IBUF (Prop_ibuf_I_O)         1.420    11.420 r  clk_IBUF_inst/O
                         net (fo=1, routed)           1.972    13.392    clk_IBUF
    BUFGCTRL_X0Y0        BUFG (Prop_bufg_I_O)         0.091    13.483 r  clk_IBUF_BUFG_inst/O
                         net (fo=358, routed)         1.709    15.192    u_wave/clk_IBUF_BUFG
    SLICE_X86Y127        FDRE                                         r  u_wave/div_counter_reg[10]/C
                         clock pessimism              0.449    15.640    
                         clock uncertainty           -0.035    15.605    
    SLICE_X86Y127        FDRE (Setup_fdre_C_R)       -0.728    14.877    u_wave/div_counter_reg[10]
  -------------------------------------------------------------------
                         required time                         14.877    
                         arrival time                         -12.181    
  -------------------------------------------------------------------
                         slack                                  2.696    

Slack (MET) :             2.696ns  (required time - arrival time)
  Source:                 u_wave/clk_div_max_reg[1]/C
                            (rising edge-triggered cell FDRE clocked by clk  {rise@0.000ns fall@5.000ns period=10.000ns})
  Destination:            u_wave/div_counter_reg[11]/R
                            (rising edge-triggered cell FDRE clocked by clk  {rise@0.000ns fall@5.000ns period=10.000ns})
  Path Group:             clk
  Path Type:              Setup (Max at Slow Process Corner)
  Requirement:            10.000ns  (clk rise@10.000ns - clk rise@0.000ns)
  Data Path Delay:        6.519ns  (logic 3.252ns (49.885%)  route 3.267ns (50.115%))
  Logic Levels:           7  (CARRY4=4 LUT1=1 LUT2=1 LUT4=1)
  Clock Path Skew:        -0.022ns (DCD - SCD + CPR)
    Destination Clock Delay (DCD):    5.192ns = ( 15.192 - 10.000 ) 
    Source Clock Delay      (SCD):    5.662ns
    Clock Pessimism Removal (CPR):    0.449ns
  Clock Uncertainty:      0.035ns  ((TSJ^2 + TIJ^2)^1/2 + DJ) / 2 + PE
    Total System Jitter     (TSJ):    0.071ns
    Total Input Jitter      (TIJ):    0.000ns
    Discrete Jitter          (DJ):    0.000ns
    Phase Error              (PE):    0.000ns

    Location             Delay type                Incr(ns)  Path(ns)    Netlist Resource(s)
  -------------------------------------------------------------------    -------------------
                         (clock clk rise edge)        0.000     0.000 r  
    Y9                                                0.000     0.000 r  clk (IN)
                         net (fo=0)                   0.000     0.000    clk
    Y9                   IBUF (Prop_ibuf_I_O)         1.490     1.490 r  clk_IBUF_inst/O
                         net (fo=1, routed)           2.171     3.661    clk_IBUF
    BUFGCTRL_X0Y0        BUFG (Prop_bufg_I_O)         0.101     3.762 r  clk_IBUF_BUFG_inst/O
                         net (fo=358, routed)         1.900     5.662    u_wave/clk_IBUF_BUFG
    SLICE_X89Y127        FDRE                                         r  u_wave/clk_div_max_reg[1]/C
  -------------------------------------------------------------------    -------------------
    SLICE_X89Y127        FDRE (Prop_fdre_C_Q)         0.419     6.081 f  u_wave/clk_div_max_reg[1]/Q
                         net (fo=2, routed)           0.557     6.638    u_wave/clk_div_max_reg_n_0_[1]
    SLICE_X89Y126        LUT1 (Prop_lut1_I0_O)        0.299     6.937 r  u_wave/clk_en1_carry_i_3/O
                         net (fo=1, routed)           0.000     6.937    u_wave/clk_en1_carry_i_3_n_0
    SLICE_X89Y126        CARRY4 (Prop_carry4_S[0]_CO[3])
                                                      0.532     7.469 r  u_wave/clk_en1_carry/CO[3]
                         net (fo=3, routed)           0.859     8.328    u_wave/clk_en1_carry_n_0
    SLICE_X88Y126        CARRY4 (Prop_carry4_CYINIT_CO[3])
                                                      0.580     8.908 r  u_wave/clk_en0_carry_i_9/CO[3]
                         net (fo=1, routed)           0.000     8.908    u_wave/clk_en0_carry_i_9_n_0
    SLICE_X88Y127        CARRY4 (Prop_carry4_CI_CO[0])
                                                      0.271     9.179 r  u_wave/clk_en0_carry__0_i_5/CO[0]
                         net (fo=2, routed)           0.587     9.766    u_wave/clk_en1[8]
    SLICE_X87Y127        LUT4 (Prop_lut4_I3_O)        0.373    10.139 r  u_wave/clk_en0_carry__0_i_4/O
                         net (fo=1, routed)           0.000    10.139    u_wave/clk_en0_carry__0_i_4_n_0
    SLICE_X87Y127        CARRY4 (Prop_carry4_S[0]_CO[1])
                                                      0.457    10.596 r  u_wave/clk_en0_carry__0/CO[1]
                         net (fo=2, routed)           0.611    11.208    u_wave/clk_en0_carry__0_n_2
    SLICE_X86Y130        LUT2 (Prop_lut2_I1_O)        0.321    11.529 r  u_wave/div_counter[0]_i_1__0/O
                         net (fo=12, routed)          0.653    12.181    u_wave/div_counter[0]_i_1__0_n_0
    SLICE_X86Y127        FDRE                                         r  u_wave/div_counter_reg[11]/R
  -------------------------------------------------------------------    -------------------

                         (clock clk rise edge)       10.000    10.000 r  
    Y9                                                0.000    10.000 r  clk (IN)
                         net (fo=0)                   0.000    10.000    clk
    Y9                   IBUF (Prop_ibuf_I_O)         1.420    11.420 r  clk_IBUF_inst/O
                         net (fo=1, routed)           1.972    13.392    clk_IBUF
    BUFGCTRL_X0Y0        BUFG (Prop_bufg_I_O)         0.091    13.483 r  clk_IBUF_BUFG_inst/O
                         net (fo=358, routed)         1.709    15.192    u_wave/clk_IBUF_BUFG
    SLICE_X86Y127        FDRE                                         r  u_wave/div_counter_reg[11]/C
                         clock pessimism              0.449    15.640    
                         clock uncertainty           -0.035    15.605    
    SLICE_X86Y127        FDRE (Setup_fdre_C_R)       -0.728    14.877    u_wave/div_counter_reg[11]
  -------------------------------------------------------------------
                         required time                         14.877    
                         arrival time                         -12.181    
  -------------------------------------------------------------------
                         slack                                  2.696    

Slack (MET) :             2.696ns  (required time - arrival time)
  Source:                 u_wave/clk_div_max_reg[1]/C
                            (rising edge-triggered cell FDRE clocked by clk  {rise@0.000ns fall@5.000ns period=10.000ns})
  Destination:            u_wave/div_counter_reg[8]/R
                            (rising edge-triggered cell FDRE clocked by clk  {rise@0.000ns fall@5.000ns period=10.000ns})
  Path Group:             clk
  Path Type:              Setup (Max at Slow Process Corner)
  Requirement:            10.000ns  (clk rise@10.000ns - clk rise@0.000ns)
  Data Path Delay:        6.519ns  (logic 3.252ns (49.885%)  route 3.267ns (50.115%))
  Logic Levels:           7  (CARRY4=4 LUT1=1 LUT2=1 LUT4=1)
  Clock Path Skew:        -0.022ns (DCD - SCD + CPR)
    Destination Clock Delay (DCD):    5.192ns = ( 15.192 - 10.000 ) 
    Source Clock Delay      (SCD):    5.662ns
    Clock Pessimism Removal (CPR):    0.449ns
  Clock Uncertainty:      0.035ns  ((TSJ^2 + TIJ^2)^1/2 + DJ) / 2 + PE
    Total System Jitter     (TSJ):    0.071ns
    Total Input Jitter      (TIJ):    0.000ns
    Discrete Jitter          (DJ):    0.000ns
    Phase Error              (PE):    0.000ns

    Location             Delay type                Incr(ns)  Path(ns)    Netlist Resource(s)
  -------------------------------------------------------------------    -------------------
                         (clock clk rise edge)        0.000     0.000 r  
    Y9                                                0.000     0.000 r  clk (IN)
                         net (fo=0)                   0.000     0.000    clk
    Y9                   IBUF (Prop_ibuf_I_O)         1.490     1.490 r  clk_IBUF_inst/O
                         net (fo=1, routed)           2.171     3.661    clk_IBUF
    BUFGCTRL_X0Y0        BUFG (Prop_bufg_I_O)         0.101     3.762 r  clk_IBUF_BUFG_inst/O
                         net (fo=358, routed)         1.900     5.662    u_wave/clk_IBUF_BUFG
    SLICE_X89Y127        FDRE                                         r  u_wave/clk_div_max_reg[1]/C
  -------------------------------------------------------------------    -------------------
    SLICE_X89Y127        FDRE (Prop_fdre_C_Q)         0.419     6.081 f  u_wave/clk_div_max_reg[1]/Q
                         net (fo=2, routed)           0.557     6.638    u_wave/clk_div_max_reg_n_0_[1]
    SLICE_X89Y126        LUT1 (Prop_lut1_I0_O)        0.299     6.937 r  u_wave/clk_en1_carry_i_3/O
                         net (fo=1, routed)           0.000     6.937    u_wave/clk_en1_carry_i_3_n_0
    SLICE_X89Y126        CARRY4 (Prop_carry4_S[0]_CO[3])
                                                      0.532     7.469 r  u_wave/clk_en1_carry/CO[3]
                         net (fo=3, routed)           0.859     8.328    u_wave/clk_en1_carry_n_0
    SLICE_X88Y126        CARRY4 (Prop_carry4_CYINIT_CO[3])
                                                      0.580     8.908 r  u_wave/clk_en0_carry_i_9/CO[3]
                         net (fo=1, routed)           0.000     8.908    u_wave/clk_en0_carry_i_9_n_0
    SLICE_X88Y127        CARRY4 (Prop_carry4_CI_CO[0])
                                                      0.271     9.179 r  u_wave/clk_en0_carry__0_i_5/CO[0]
                         net (fo=2, routed)           0.587     9.766    u_wave/clk_en1[8]
    SLICE_X87Y127        LUT4 (Prop_lut4_I3_O)        0.373    10.139 r  u_wave/clk_en0_carry__0_i_4/O
                         net (fo=1, routed)           0.000    10.139    u_wave/clk_en0_carry__0_i_4_n_0
    SLICE_X87Y127        CARRY4 (Prop_carry4_S[0]_CO[1])
                                                      0.457    10.596 r  u_wave/clk_en0_carry__0/CO[1]
                         net (fo=2, routed)           0.611    11.208    u_wave/clk_en0_carry__0_n_2
    SLICE_X86Y130        LUT2 (Prop_lut2_I1_O)        0.321    11.529 r  u_wave/div_counter[0]_i_1__0/O
                         net (fo=12, routed)          0.653    12.181    u_wave/div_counter[0]_i_1__0_n_0
    SLICE_X86Y127        FDRE                                         r  u_wave/div_counter_reg[8]/R
  -------------------------------------------------------------------    -------------------

                         (clock clk rise edge)       10.000    10.000 r  
    Y9                                                0.000    10.000 r  clk (IN)
                         net (fo=0)                   0.000    10.000    clk
    Y9                   IBUF (Prop_ibuf_I_O)         1.420    11.420 r  clk_IBUF_inst/O
                         net (fo=1, routed)           1.972    13.392    clk_IBUF
    BUFGCTRL_X0Y0        BUFG (Prop_bufg_I_O)         0.091    13.483 r  clk_IBUF_BUFG_inst/O
                         net (fo=358, routed)         1.709    15.192    u_wave/clk_IBUF_BUFG
    SLICE_X86Y127        FDRE                                         r  u_wave/div_counter_reg[8]/C
                         clock pessimism              0.449    15.640    
                         clock uncertainty           -0.035    15.605    
    SLICE_X86Y127        FDRE (Setup_fdre_C_R)       -0.728    14.877    u_wave/div_counter_reg[8]
  -------------------------------------------------------------------
                         required time                         14.877    
                         arrival time                         -12.181    
  -------------------------------------------------------------------
                         slack                                  2.696    

Slack (MET) :             2.696ns  (required time - arrival time)
  Source:                 u_wave/clk_div_max_reg[1]/C
                            (rising edge-triggered cell FDRE clocked by clk  {rise@0.000ns fall@5.000ns period=10.000ns})
  Destination:            u_wave/div_counter_reg[9]/R
                            (rising edge-triggered cell FDRE clocked by clk  {rise@0.000ns fall@5.000ns period=10.000ns})
  Path Group:             clk
  Path Type:              Setup (Max at Slow Process Corner)
  Requirement:            10.000ns  (clk rise@10.000ns - clk rise@0.000ns)
  Data Path Delay:        6.519ns  (logic 3.252ns (49.885%)  route 3.267ns (50.115%))
  Logic Levels:           7  (CARRY4=4 LUT1=1 LUT2=1 LUT4=1)
  Clock Path Skew:        -0.022ns (DCD - SCD + CPR)
    Destination Clock Delay (DCD):    5.192ns = ( 15.192 - 10.000 ) 
    Source Clock Delay      (SCD):    5.662ns
    Clock Pessimism Removal (CPR):    0.449ns
  Clock Uncertainty:      0.035ns  ((TSJ^2 + TIJ^2)^1/2 + DJ) / 2 + PE
    Total System Jitter     (TSJ):    0.071ns
    Total Input Jitter      (TIJ):    0.000ns
    Discrete Jitter          (DJ):    0.000ns
    Phase Error              (PE):    0.000ns

    Location             Delay type                Incr(ns)  Path(ns)    Netlist Resource(s)
  -------------------------------------------------------------------    -------------------
                         (clock clk rise edge)        0.000     0.000 r  
    Y9                                                0.000     0.000 r  clk (IN)
                         net (fo=0)                   0.000     0.000    clk
    Y9                   IBUF (Prop_ibuf_I_O)         1.490     1.490 r  clk_IBUF_inst/O
                         net (fo=1, routed)           2.171     3.661    clk_IBUF
    BUFGCTRL_X0Y0        BUFG (Prop_bufg_I_O)         0.101     3.762 r  clk_IBUF_BUFG_inst/O
                         net (fo=358, routed)         1.900     5.662    u_wave/clk_IBUF_BUFG
    SLICE_X89Y127        FDRE                                         r  u_wave/clk_div_max_reg[1]/C
  -------------------------------------------------------------------    -------------------
    SLICE_X89Y127        FDRE (Prop_fdre_C_Q)         0.419     6.081 f  u_wave/clk_div_max_reg[1]/Q
                         net (fo=2, routed)           0.557     6.638    u_wave/clk_div_max_reg_n_0_[1]
    SLICE_X89Y126        LUT1 (Prop_lut1_I0_O)        0.299     6.937 r  u_wave/clk_en1_carry_i_3/O
                         net (fo=1, routed)           0.000     6.937    u_wave/clk_en1_carry_i_3_n_0
    SLICE_X89Y126        CARRY4 (Prop_carry4_S[0]_CO[3])
                                                      0.532     7.469 r  u_wave/clk_en1_carry/CO[3]
                         net (fo=3, routed)           0.859     8.328    u_wave/clk_en1_carry_n_0
    SLICE_X88Y126        CARRY4 (Prop_carry4_CYINIT_CO[3])
                                                      0.580     8.908 r  u_wave/clk_en0_carry_i_9/CO[3]
                         net (fo=1, routed)           0.000     8.908    u_wave/clk_en0_carry_i_9_n_0
    SLICE_X88Y127        CARRY4 (Prop_carry4_CI_CO[0])
                                                      0.271     9.179 r  u_wave/clk_en0_carry__0_i_5/CO[0]
                         net (fo=2, routed)           0.587     9.766    u_wave/clk_en1[8]
    SLICE_X87Y127        LUT4 (Prop_lut4_I3_O)        0.373    10.139 r  u_wave/clk_en0_carry__0_i_4/O
                         net (fo=1, routed)           0.000    10.139    u_wave/clk_en0_carry__0_i_4_n_0
    SLICE_X87Y127        CARRY4 (Prop_carry4_S[0]_CO[1])
                                                      0.457    10.596 r  u_wave/clk_en0_carry__0/CO[1]
                         net (fo=2, routed)           0.611    11.208    u_wave/clk_en0_carry__0_n_2
    SLICE_X86Y130        LUT2 (Prop_lut2_I1_O)        0.321    11.529 r  u_wave/div_counter[0]_i_1__0/O
                         net (fo=12, routed)          0.653    12.181    u_wave/div_counter[0]_i_1__0_n_0
    SLICE_X86Y127        FDRE                                         r  u_wave/div_counter_reg[9]/R
  -------------------------------------------------------------------    -------------------

                         (clock clk rise edge)       10.000    10.000 r  
    Y9                                                0.000    10.000 r  clk (IN)
                         net (fo=0)                   0.000    10.000    clk
    Y9                   IBUF (Prop_ibuf_I_O)         1.420    11.420 r  clk_IBUF_inst/O
                         net (fo=1, routed)           1.972    13.392    clk_IBUF
    BUFGCTRL_X0Y0        BUFG (Prop_bufg_I_O)         0.091    13.483 r  clk_IBUF_BUFG_inst/O
                         net (fo=358, routed)         1.709    15.192    u_wave/clk_IBUF_BUFG
    SLICE_X86Y127        FDRE                                         r  u_wave/div_counter_reg[9]/C
                         clock pessimism              0.449    15.640    
                         clock uncertainty           -0.035    15.605    
    SLICE_X86Y127        FDRE (Setup_fdre_C_R)       -0.728    14.877    u_wave/div_counter_reg[9]
  -------------------------------------------------------------------
                         required time                         14.877    
                         arrival time                         -12.181    
  -------------------------------------------------------------------
                         slack                                  2.696    

Slack (MET) :             2.726ns  (required time - arrival time)
  Source:                 u_wave/clk_div_max_reg[1]/C
                            (rising edge-triggered cell FDRE clocked by clk  {rise@0.000ns fall@5.000ns period=10.000ns})
  Destination:            u_wave/div_counter_reg[0]/R
                            (rising edge-triggered cell FDRE clocked by clk  {rise@0.000ns fall@5.000ns period=10.000ns})
  Path Group:             clk
  Path Type:              Setup (Max at Slow Process Corner)
  Requirement:            10.000ns  (clk rise@10.000ns - clk rise@0.000ns)
  Data Path Delay:        6.486ns  (logic 3.252ns (50.138%)  route 3.234ns (49.862%))
  Logic Levels:           7  (CARRY4=4 LUT1=1 LUT2=1 LUT4=1)
  Clock Path Skew:        -0.025ns (DCD - SCD + CPR)
    Destination Clock Delay (DCD):    5.189ns = ( 15.189 - 10.000 ) 
    Source Clock Delay      (SCD):    5.662ns
    Clock Pessimism Removal (CPR):    0.449ns
  Clock Uncertainty:      0.035ns  ((TSJ^2 + TIJ^2)^1/2 + DJ) / 2 + PE
    Total System Jitter     (TSJ):    0.071ns
    Total Input Jitter      (TIJ):    0.000ns
    Discrete Jitter          (DJ):    0.000ns
    Phase Error              (PE):    0.000ns

    Location             Delay type                Incr(ns)  Path(ns)    Netlist Resource(s)
  -------------------------------------------------------------------    -------------------
                         (clock clk rise edge)        0.000     0.000 r  
    Y9                                                0.000     0.000 r  clk (IN)
                         net (fo=0)                   0.000     0.000    clk
    Y9                   IBUF (Prop_ibuf_I_O)         1.490     1.490 r  clk_IBUF_inst/O
                         net (fo=1, routed)           2.171     3.661    clk_IBUF
    BUFGCTRL_X0Y0        BUFG (Prop_bufg_I_O)         0.101     3.762 r  clk_IBUF_BUFG_inst/O
                         net (fo=358, routed)         1.900     5.662    u_wave/clk_IBUF_BUFG
    SLICE_X89Y127        FDRE                                         r  u_wave/clk_div_max_reg[1]/C
  -------------------------------------------------------------------    -------------------
    SLICE_X89Y127        FDRE (Prop_fdre_C_Q)         0.419     6.081 f  u_wave/clk_div_max_reg[1]/Q
                         net (fo=2, routed)           0.557     6.638    u_wave/clk_div_max_reg_n_0_[1]
    SLICE_X89Y126        LUT1 (Prop_lut1_I0_O)        0.299     6.937 r  u_wave/clk_en1_carry_i_3/O
                         net (fo=1, routed)           0.000     6.937    u_wave/clk_en1_carry_i_3_n_0
    SLICE_X89Y126        CARRY4 (Prop_carry4_S[0]_CO[3])
                                                      0.532     7.469 r  u_wave/clk_en1_carry/CO[3]
                         net (fo=3, routed)           0.859     8.328    u_wave/clk_en1_carry_n_0
    SLICE_X88Y126        CARRY4 (Prop_carry4_CYINIT_CO[3])
                                                      0.580     8.908 r  u_wave/clk_en0_carry_i_9/CO[3]
                         net (fo=1, routed)           0.000     8.908    u_wave/clk_en0_carry_i_9_n_0
    SLICE_X88Y127        CARRY4 (Prop_carry4_CI_CO[0])
                                                      0.271     9.179 r  u_wave/clk_en0_carry__0_i_5/CO[0]
                         net (fo=2, routed)           0.587     9.766    u_wave/clk_en1[8]
    SLICE_X87Y127        LUT4 (Prop_lut4_I3_O)        0.373    10.139 r  u_wave/clk_en0_carry__0_i_4/O
                         net (fo=1, routed)           0.000    10.139    u_wave/clk_en0_carry__0_i_4_n_0
    SLICE_X87Y127        CARRY4 (Prop_carry4_S[0]_CO[1])
                                                      0.457    10.596 r  u_wave/clk_en0_carry__0/CO[1]
                         net (fo=2, routed)           0.611    11.208    u_wave/clk_en0_carry__0_n_2
    SLICE_X86Y130        LUT2 (Prop_lut2_I1_O)        0.321    11.529 r  u_wave/div_counter[0]_i_1__0/O
                         net (fo=12, routed)          0.620    12.149    u_wave/div_counter[0]_i_1__0_n_0
    SLICE_X86Y125        FDRE                                         r  u_wave/div_counter_reg[0]/R
  -------------------------------------------------------------------    -------------------

                         (clock clk rise edge)       10.000    10.000 r  
    Y9                                                0.000    10.000 r  clk (IN)
                         net (fo=0)                   0.000    10.000    clk
    Y9                   IBUF (Prop_ibuf_I_O)         1.420    11.420 r  clk_IBUF_inst/O
                         net (fo=1, routed)           1.972    13.392    clk_IBUF
    BUFGCTRL_X0Y0        BUFG (Prop_bufg_I_O)         0.091    13.483 r  clk_IBUF_BUFG_inst/O
                         net (fo=358, routed)         1.706    15.189    u_wave/clk_IBUF_BUFG
    SLICE_X86Y125        FDRE                                         r  u_wave/div_counter_reg[0]/C
                         clock pessimism              0.449    15.637    
                         clock uncertainty           -0.035    15.602    
    SLICE_X86Y125        FDRE (Setup_fdre_C_R)       -0.728    14.874    u_wave/div_counter_reg[0]
  -------------------------------------------------------------------
                         required time                         14.874    
                         arrival time                         -12.149    
  -------------------------------------------------------------------
                         slack                                  2.726    

Slack (MET) :             2.726ns  (required time - arrival time)
  Source:                 u_wave/clk_div_max_reg[1]/C
                            (rising edge-triggered cell FDRE clocked by clk  {rise@0.000ns fall@5.000ns period=10.000ns})
  Destination:            u_wave/div_counter_reg[1]/R
                            (rising edge-triggered cell FDRE clocked by clk  {rise@0.000ns fall@5.000ns period=10.000ns})
  Path Group:             clk
  Path Type:              Setup (Max at Slow Process Corner)
  Requirement:            10.000ns  (clk rise@10.000ns - clk rise@0.000ns)
  Data Path Delay:        6.486ns  (logic 3.252ns (50.138%)  route 3.234ns (49.862%))
  Logic Levels:           7  (CARRY4=4 LUT1=1 LUT2=1 LUT4=1)
  Clock Path Skew:        -0.025ns (DCD - SCD + CPR)
    Destination Clock Delay (DCD):    5.189ns = ( 15.189 - 10.000 ) 
    Source Clock Delay      (SCD):    5.662ns
    Clock Pessimism Removal (CPR):    0.449ns
  Clock Uncertainty:      0.035ns  ((TSJ^2 + TIJ^2)^1/2 + DJ) / 2 + PE
    Total System Jitter     (TSJ):    0.071ns
    Total Input Jitter      (TIJ):    0.000ns
    Discrete Jitter          (DJ):    0.000ns
    Phase Error              (PE):    0.000ns

    Location             Delay type                Incr(ns)  Path(ns)    Netlist Resource(s)
  -------------------------------------------------------------------    -------------------
                         (clock clk rise edge)        0.000     0.000 r  
    Y9                                                0.000     0.000 r  clk (IN)
                         net (fo=0)                   0.000     0.000    clk
    Y9                   IBUF (Prop_ibuf_I_O)         1.490     1.490 r  clk_IBUF_inst/O
                         net (fo=1, routed)           2.171     3.661    clk_IBUF
    BUFGCTRL_X0Y0        BUFG (Prop_bufg_I_O)         0.101     3.762 r  clk_IBUF_BUFG_inst/O
                         net (fo=358, routed)         1.900     5.662    u_wave/clk_IBUF_BUFG
    SLICE_X89Y127        FDRE                                         r  u_wave/clk_div_max_reg[1]/C
  -------------------------------------------------------------------    -------------------
    SLICE_X89Y127        FDRE (Prop_fdre_C_Q)         0.419     6.081 f  u_wave/clk_div_max_reg[1]/Q
                         net (fo=2, routed)           0.557     6.638    u_wave/clk_div_max_reg_n_0_[1]
    SLICE_X89Y126        LUT1 (Prop_lut1_I0_O)        0.299     6.937 r  u_wave/clk_en1_carry_i_3/O
                         net (fo=1, routed)           0.000     6.937    u_wave/clk_en1_carry_i_3_n_0
    SLICE_X89Y126        CARRY4 (Prop_carry4_S[0]_CO[3])
                                                      0.532     7.469 r  u_wave/clk_en1_carry/CO[3]
                         net (fo=3, routed)           0.859     8.328    u_wave/clk_en1_carry_n_0
    SLICE_X88Y126        CARRY4 (Prop_carry4_CYINIT_CO[3])
                                                      0.580     8.908 r  u_wave/clk_en0_carry_i_9/CO[3]
                         net (fo=1, routed)           0.000     8.908    u_wave/clk_en0_carry_i_9_n_0
    SLICE_X88Y127        CARRY4 (Prop_carry4_CI_CO[0])
                                                      0.271     9.179 r  u_wave/clk_en0_carry__0_i_5/CO[0]
                         net (fo=2, routed)           0.587     9.766    u_wave/clk_en1[8]
    SLICE_X87Y127        LUT4 (Prop_lut4_I3_O)        0.373    10.139 r  u_wave/clk_en0_carry__0_i_4/O
                         net (fo=1, routed)           0.000    10.139    u_wave/clk_en0_carry__0_i_4_n_0
    SLICE_X87Y127        CARRY4 (Prop_carry4_S[0]_CO[1])
                                                      0.457    10.596 r  u_wave/clk_en0_carry__0/CO[1]
                         net (fo=2, routed)           0.611    11.208    u_wave/clk_en0_carry__0_n_2
    SLICE_X86Y130        LUT2 (Prop_lut2_I1_O)        0.321    11.529 r  u_wave/div_counter[0]_i_1__0/O
                         net (fo=12, routed)          0.620    12.149    u_wave/div_counter[0]_i_1__0_n_0
    SLICE_X86Y125        FDRE                                         r  u_wave/div_counter_reg[1]/R
  -------------------------------------------------------------------    -------------------

                         (clock clk rise edge)       10.000    10.000 r  
    Y9                                                0.000    10.000 r  clk (IN)
                         net (fo=0)                   0.000    10.000    clk
    Y9                   IBUF (Prop_ibuf_I_O)         1.420    11.420 r  clk_IBUF_inst/O
                         net (fo=1, routed)           1.972    13.392    clk_IBUF
    BUFGCTRL_X0Y0        BUFG (Prop_bufg_I_O)         0.091    13.483 r  clk_IBUF_BUFG_inst/O
                         net (fo=358, routed)         1.706    15.189    u_wave/clk_IBUF_BUFG
    SLICE_X86Y125        FDRE                                         r  u_wave/div_counter_reg[1]/C
                         clock pessimism              0.449    15.637    
                         clock uncertainty           -0.035    15.602    
    SLICE_X86Y125        FDRE (Setup_fdre_C_R)       -0.728    14.874    u_wave/div_counter_reg[1]
  -------------------------------------------------------------------
                         required time                         14.874    
                         arrival time                         -12.149    
  -------------------------------------------------------------------
                         slack                                  2.726    





Min Delay Paths
--------------------------------------------------------------------------------------
Slack (MET) :             0.081ns  (arrival time - required time)
  Source:                 u_trigger/wr_ptr_reg[6]/C
                            (rising edge-triggered cell FDRE clocked by clk  {rise@0.000ns fall@5.000ns period=10.000ns})
  Destination:            u_trigger/circular_bram_reg_0/ADDRARDADDR[9]
                            (rising edge-triggered cell RAMB36E1 clocked by clk  {rise@0.000ns fall@5.000ns period=10.000ns})
  Path Group:             clk
  Path Type:              Hold (Min at Fast Process Corner)
  Requirement:            0.000ns  (clk rise@0.000ns - clk rise@0.000ns)
  Data Path Delay:        0.321ns  (logic 0.141ns (43.932%)  route 0.180ns (56.068%))
  Logic Levels:           0  
  Clock Path Skew:        0.056ns (DCD - SCD - CPR)
    Destination Clock Delay (DCD):    2.189ns
    Source Clock Delay      (SCD):    1.627ns
    Clock Pessimism Removal (CPR):    0.505ns

    Location             Delay type                Incr(ns)  Path(ns)    Netlist Resource(s)
  -------------------------------------------------------------------    -------------------
                         (clock clk rise edge)        0.000     0.000 r  
    Y9                                                0.000     0.000 r  clk (IN)
                         net (fo=0)                   0.000     0.000    clk
    Y9                   IBUF (Prop_ibuf_I_O)         0.258     0.258 r  clk_IBUF_inst/O
                         net (fo=1, routed)           0.663     0.921    clk_IBUF
    BUFGCTRL_X0Y0        BUFG (Prop_bufg_I_O)         0.026     0.947 r  clk_IBUF_BUFG_inst/O
                         net (fo=358, routed)         0.680     1.627    u_trigger/clk_IBUF_BUFG
    SLICE_X91Y128        FDRE                                         r  u_trigger/wr_ptr_reg[6]/C
  -------------------------------------------------------------------    -------------------
    SLICE_X91Y128        FDRE (Prop_fdre_C_Q)         0.141     1.768 r  u_trigger/wr_ptr_reg[6]/Q
                         net (fo=4, routed)           0.180     1.948    u_trigger/wr_ptr[6]
    RAMB36_X4Y25         RAMB36E1                                     r  u_trigger/circular_bram_reg_0/ADDRARDADDR[9]
  -------------------------------------------------------------------    -------------------

                         (clock clk rise edge)        0.000     0.000 r  
    Y9                                                0.000     0.000 r  clk (IN)
                         net (fo=0)                   0.000     0.000    clk
    Y9                   IBUF (Prop_ibuf_I_O)         0.446     0.446 r  clk_IBUF_inst/O
                         net (fo=1, routed)           0.719     1.165    clk_IBUF
    BUFGCTRL_X0Y0        BUFG (Prop_bufg_I_O)         0.029     1.194 r  clk_IBUF_BUFG_inst/O
                         net (fo=358, routed)         0.994     2.189    u_trigger/clk_IBUF_BUFG
    RAMB36_X4Y25         RAMB36E1                                     r  u_trigger/circular_bram_reg_0/CLKARDCLK
                         clock pessimism             -0.505     1.684    
    RAMB36_X4Y25         RAMB36E1 (Hold_ramb36e1_CLKARDCLK_ADDRARDADDR[9])
                                                      0.183     1.867    u_trigger/circular_bram_reg_0
  -------------------------------------------------------------------
                         required time                         -1.867    
                         arrival time                           1.948    
  -------------------------------------------------------------------
                         slack                                  0.081    

Slack (MET) :             0.112ns  (arrival time - required time)
  Source:                 u_trigger/rd_ptr_reg[1]/C
                            (rising edge-triggered cell FDRE clocked by clk  {rise@0.000ns fall@5.000ns period=10.000ns})
  Destination:            u_trigger/circular_bram_reg_0/ADDRBWRADDR[4]
                            (rising edge-triggered cell RAMB36E1 clocked by clk  {rise@0.000ns fall@5.000ns period=10.000ns})
  Path Group:             clk
  Path Type:              Hold (Min at Fast Process Corner)
  Requirement:            0.000ns  (clk rise@0.000ns - clk rise@0.000ns)
  Data Path Delay:        0.368ns  (logic 0.141ns (38.286%)  route 0.227ns (61.714%))
  Logic Levels:           0  
  Clock Path Skew:        0.073ns (DCD - SCD - CPR)
    Destination Clock Delay (DCD):    2.186ns
    Source Clock Delay      (SCD):    1.627ns
    Clock Pessimism Removal (CPR):    0.485ns

    Location             Delay type                Incr(ns)  Path(ns)    Netlist Resource(s)
  -------------------------------------------------------------------    -------------------
                         (clock clk rise edge)        0.000     0.000 r  
    Y9                                                0.000     0.000 r  clk (IN)
                         net (fo=0)                   0.000     0.000    clk
    Y9                   IBUF (Prop_ibuf_I_O)         0.258     0.258 r  clk_IBUF_inst/O
                         net (fo=1, routed)           0.663     0.921    clk_IBUF
    BUFGCTRL_X0Y0        BUFG (Prop_bufg_I_O)         0.026     0.947 r  clk_IBUF_BUFG_inst/O
                         net (fo=358, routed)         0.680     1.627    u_trigger/clk_IBUF_BUFG
    SLICE_X93Y127        FDRE                                         r  u_trigger/rd_ptr_reg[1]/C
  -------------------------------------------------------------------    -------------------
    SLICE_X93Y127        FDRE (Prop_fdre_C_Q)         0.141     1.768 r  u_trigger/rd_ptr_reg[1]/Q
                         net (fo=3, routed)           0.227     1.996    u_trigger/rd_ptr[1]
    RAMB36_X4Y25         RAMB36E1                                     r  u_trigger/circular_bram_reg_0/ADDRBWRADDR[4]
  -------------------------------------------------------------------    -------------------

                         (clock clk rise edge)        0.000     0.000 r  
    Y9                                                0.000     0.000 r  clk (IN)
                         net (fo=0)                   0.000     0.000    clk
    Y9                   IBUF (Prop_ibuf_I_O)         0.446     0.446 r  clk_IBUF_inst/O
                         net (fo=1, routed)           0.719     1.165    clk_IBUF
    BUFGCTRL_X0Y0        BUFG (Prop_bufg_I_O)         0.029     1.194 r  clk_IBUF_BUFG_inst/O
                         net (fo=358, routed)         0.991     2.186    u_trigger/clk_IBUF_BUFG
    RAMB36_X4Y25         RAMB36E1                                     r  u_trigger/circular_bram_reg_0/CLKBWRCLK
                         clock pessimism             -0.485     1.701    
    RAMB36_X4Y25         RAMB36E1 (Hold_ramb36e1_CLKBWRCLK_ADDRBWRADDR[4])
                                                      0.183     1.884    u_trigger/circular_bram_reg_0
  -------------------------------------------------------------------
                         required time                         -1.884    
                         arrival time                           1.996    
  -------------------------------------------------------------------
                         slack                                  0.112    

Slack (MET) :             0.114ns  (arrival time - required time)
  Source:                 u_trigger/rd_ptr_reg[3]/C
                            (rising edge-triggered cell FDRE clocked by clk  {rise@0.000ns fall@5.000ns period=10.000ns})
  Destination:            u_trigger/circular_bram_reg_0/ADDRBWRADDR[6]
                            (rising edge-triggered cell RAMB36E1 clocked by clk  {rise@0.000ns fall@5.000ns period=10.000ns})
  Path Group:             clk
  Path Type:              Hold (Min at Fast Process Corner)
  Requirement:            0.000ns  (clk rise@0.000ns - clk rise@0.000ns)
  Data Path Delay:        0.370ns  (logic 0.141ns (38.110%)  route 0.229ns (61.890%))
  Logic Levels:           0  
  Clock Path Skew:        0.073ns (DCD - SCD - CPR)
    Destination Clock Delay (DCD):    2.186ns
    Source Clock Delay      (SCD):    1.627ns
    Clock Pessimism Removal (CPR):    0.485ns

    Location             Delay type                Incr(ns)  Path(ns)    Netlist Resource(s)
  -------------------------------------------------------------------    -------------------
                         (clock clk rise edge)        0.000     0.000 r  
    Y9                                                0.000     0.000 r  clk (IN)
                         net (fo=0)                   0.000     0.000    clk
    Y9                   IBUF (Prop_ibuf_I_O)         0.258     0.258 r  clk_IBUF_inst/O
                         net (fo=1, routed)           0.663     0.921    clk_IBUF
    BUFGCTRL_X0Y0        BUFG (Prop_bufg_I_O)         0.026     0.947 r  clk_IBUF_BUFG_inst/O
                         net (fo=358, routed)         0.680     1.627    u_trigger/clk_IBUF_BUFG
    SLICE_X93Y127        FDRE                                         r  u_trigger/rd_ptr_reg[3]/C
  -------------------------------------------------------------------    -------------------
    SLICE_X93Y127        FDRE (Prop_fdre_C_Q)         0.141     1.768 r  u_trigger/rd_ptr_reg[3]/Q
                         net (fo=3, routed)           0.229     1.997    u_trigger/rd_ptr[3]
    RAMB36_X4Y25         RAMB36E1                                     r  u_trigger/circular_bram_reg_0/ADDRBWRADDR[6]
  -------------------------------------------------------------------    -------------------

                         (clock clk rise edge)        0.000     0.000 r  
    Y9                                                0.000     0.000 r  clk (IN)
                         net (fo=0)                   0.000     0.000    clk
    Y9                   IBUF (Prop_ibuf_I_O)         0.446     0.446 r  clk_IBUF_inst/O
                         net (fo=1, routed)           0.719     1.165    clk_IBUF
    BUFGCTRL_X0Y0        BUFG (Prop_bufg_I_O)         0.029     1.194 r  clk_IBUF_BUFG_inst/O
                         net (fo=358, routed)         0.991     2.186    u_trigger/clk_IBUF_BUFG
    RAMB36_X4Y25         RAMB36E1                                     r  u_trigger/circular_bram_reg_0/CLKBWRCLK
                         clock pessimism             -0.485     1.701    
    RAMB36_X4Y25         RAMB36E1 (Hold_ramb36e1_CLKBWRCLK_ADDRBWRADDR[6])
                                                      0.183     1.884    u_trigger/circular_bram_reg_0
  -------------------------------------------------------------------
                         required time                         -1.884    
                         arrival time                           1.997    
  -------------------------------------------------------------------
                         slack                                  0.114    

Slack (MET) :             0.114ns  (arrival time - required time)
  Source:                 u_trigger/rd_ptr_reg[4]/C
                            (rising edge-triggered cell FDRE clocked by clk  {rise@0.000ns fall@5.000ns period=10.000ns})
  Destination:            u_trigger/circular_bram_reg_0/ADDRBWRADDR[7]
                            (rising edge-triggered cell RAMB36E1 clocked by clk  {rise@0.000ns fall@5.000ns period=10.000ns})
  Path Group:             clk
  Path Type:              Hold (Min at Fast Process Corner)
  Requirement:            0.000ns  (clk rise@0.000ns - clk rise@0.000ns)
  Data Path Delay:        0.370ns  (logic 0.141ns (38.076%)  route 0.229ns (61.924%))
  Logic Levels:           0  
  Clock Path Skew:        0.073ns (DCD - SCD - CPR)
    Destination Clock Delay (DCD):    2.186ns
    Source Clock Delay      (SCD):    1.627ns
    Clock Pessimism Removal (CPR):    0.485ns

    Location             Delay type                Incr(ns)  Path(ns)    Netlist Resource(s)
  -------------------------------------------------------------------    -------------------
                         (clock clk rise edge)        0.000     0.000 r  
    Y9                                                0.000     0.000 r  clk (IN)
                         net (fo=0)                   0.000     0.000    clk
    Y9                   IBUF (Prop_ibuf_I_O)         0.258     0.258 r  clk_IBUF_inst/O
                         net (fo=1, routed)           0.663     0.921    clk_IBUF
    BUFGCTRL_X0Y0        BUFG (Prop_bufg_I_O)         0.026     0.947 r  clk_IBUF_BUFG_inst/O
                         net (fo=358, routed)         0.680     1.627    u_trigger/clk_IBUF_BUFG
    SLICE_X93Y127        FDRE                                         r  u_trigger/rd_ptr_reg[4]/C
  -------------------------------------------------------------------    -------------------
    SLICE_X93Y127        FDRE (Prop_fdre_C_Q)         0.141     1.768 r  u_trigger/rd_ptr_reg[4]/Q
                         net (fo=3, routed)           0.229     1.998    u_trigger/rd_ptr[4]
    RAMB36_X4Y25         RAMB36E1                                     r  u_trigger/circular_bram_reg_0/ADDRBWRADDR[7]
  -------------------------------------------------------------------    -------------------

                         (clock clk rise edge)        0.000     0.000 r  
    Y9                                                0.000     0.000 r  clk (IN)
                         net (fo=0)                   0.000     0.000    clk
    Y9                   IBUF (Prop_ibuf_I_O)         0.446     0.446 r  clk_IBUF_inst/O
                         net (fo=1, routed)           0.719     1.165    clk_IBUF
    BUFGCTRL_X0Y0        BUFG (Prop_bufg_I_O)         0.029     1.194 r  clk_IBUF_BUFG_inst/O
                         net (fo=358, routed)         0.991     2.186    u_trigger/clk_IBUF_BUFG
    RAMB36_X4Y25         RAMB36E1                                     r  u_trigger/circular_bram_reg_0/CLKBWRCLK
                         clock pessimism             -0.485     1.701    
    RAMB36_X4Y25         RAMB36E1 (Hold_ramb36e1_CLKBWRCLK_ADDRBWRADDR[7])
                                                      0.183     1.884    u_trigger/circular_bram_reg_0
  -------------------------------------------------------------------
                         required time                         -1.884    
                         arrival time                           1.998    
  -------------------------------------------------------------------
                         slack                                  0.114    

Slack (MET) :             0.114ns  (arrival time - required time)
  Source:                 u_trigger/rd_ptr_reg[2]/C
                            (rising edge-triggered cell FDRE clocked by clk  {rise@0.000ns fall@5.000ns period=10.000ns})
  Destination:            u_trigger/circular_bram_reg_0/ADDRBWRADDR[5]
                            (rising edge-triggered cell RAMB36E1 clocked by clk  {rise@0.000ns fall@5.000ns period=10.000ns})
  Path Group:             clk
  Path Type:              Hold (Min at Fast Process Corner)
  Requirement:            0.000ns  (clk rise@0.000ns - clk rise@0.000ns)
  Data Path Delay:        0.371ns  (logic 0.141ns (38.034%)  route 0.230ns (61.966%))
  Logic Levels:           0  
  Clock Path Skew:        0.073ns (DCD - SCD - CPR)
    Destination Clock Delay (DCD):    2.186ns
    Source Clock Delay      (SCD):    1.627ns
    Clock Pessimism Removal (CPR):    0.485ns

    Location             Delay type                Incr(ns)  Path(ns)    Netlist Resource(s)
  -------------------------------------------------------------------    -------------------
                         (clock clk rise edge)        0.000     0.000 r  
    Y9                                                0.000     0.000 r  clk (IN)
                         net (fo=0)                   0.000     0.000    clk
    Y9                   IBUF (Prop_ibuf_I_O)         0.258     0.258 r  clk_IBUF_inst/O
                         net (fo=1, routed)           0.663     0.921    clk_IBUF
    BUFGCTRL_X0Y0        BUFG (Prop_bufg_I_O)         0.026     0.947 r  clk_IBUF_BUFG_inst/O
                         net (fo=358, routed)         0.680     1.627    u_trigger/clk_IBUF_BUFG
    SLICE_X93Y127        FDRE                                         r  u_trigger/rd_ptr_reg[2]/C
  -------------------------------------------------------------------    -------------------
    SLICE_X93Y127        FDRE (Prop_fdre_C_Q)         0.141     1.768 r  u_trigger/rd_ptr_reg[2]/Q
                         net (fo=3, routed)           0.230     1.998    u_trigger/rd_ptr[2]
    RAMB36_X4Y25         RAMB36E1                                     r  u_trigger/circular_bram_reg_0/ADDRBWRADDR[5]
  -------------------------------------------------------------------    -------------------

                         (clock clk rise edge)        0.000     0.000 r  
    Y9                                                0.000     0.000 r  clk (IN)
                         net (fo=0)                   0.000     0.000    clk
    Y9                   IBUF (Prop_ibuf_I_O)         0.446     0.446 r  clk_IBUF_inst/O
                         net (fo=1, routed)           0.719     1.165    clk_IBUF
    BUFGCTRL_X0Y0        BUFG (Prop_bufg_I_O)         0.029     1.194 r  clk_IBUF_BUFG_inst/O
                         net (fo=358, routed)         0.991     2.186    u_trigger/clk_IBUF_BUFG
    RAMB36_X4Y25         RAMB36E1                                     r  u_trigger/circular_bram_reg_0/CLKBWRCLK
                         clock pessimism             -0.485     1.701    
    RAMB36_X4Y25         RAMB36E1 (Hold_ramb36e1_CLKBWRCLK_ADDRBWRADDR[5])
                                                      0.183     1.884    u_trigger/circular_bram_reg_0
  -------------------------------------------------------------------
                         required time                         -1.884    
                         arrival time                           1.998    
  -------------------------------------------------------------------
                         slack                                  0.114    

Slack (MET) :             0.116ns  (arrival time - required time)
  Source:                 u_trigger/u_decimator/o_dec_output_reg[2]/C
                            (rising edge-triggered cell FDRE clocked by clk  {rise@0.000ns fall@5.000ns period=10.000ns})
  Destination:            u_trigger/circular_bram_reg_0/DIADI[2]
                            (rising edge-triggered cell RAMB36E1 clocked by clk  {rise@0.000ns fall@5.000ns period=10.000ns})
  Path Group:             clk
  Path Type:              Hold (Min at Fast Process Corner)
  Requirement:            0.000ns  (clk rise@0.000ns - clk rise@0.000ns)
  Data Path Delay:        0.374ns  (logic 0.141ns (37.744%)  route 0.233ns (62.256%))
  Logic Levels:           0  
  Clock Path Skew:        0.102ns (DCD - SCD - CPR)
    Destination Clock Delay (DCD):    2.189ns
    Source Clock Delay      (SCD):    1.601ns
    Clock Pessimism Removal (CPR):    0.485ns

    Location             Delay type                Incr(ns)  Path(ns)    Netlist Resource(s)
  -------------------------------------------------------------------    -------------------
                         (clock clk rise edge)        0.000     0.000 r  
    Y9                                                0.000     0.000 r  clk (IN)
                         net (fo=0)                   0.000     0.000    clk
    Y9                   IBUF (Prop_ibuf_I_O)         0.258     0.258 r  clk_IBUF_inst/O
                         net (fo=1, routed)           0.663     0.921    clk_IBUF
    BUFGCTRL_X0Y0        BUFG (Prop_bufg_I_O)         0.026     0.947 r  clk_IBUF_BUFG_inst/O
                         net (fo=358, routed)         0.654     1.601    u_trigger/u_decimator/clk_IBUF_BUFG
    SLICE_X87Y125        FDRE                                         r  u_trigger/u_decimator/o_dec_output_reg[2]/C
  -------------------------------------------------------------------    -------------------
    SLICE_X87Y125        FDRE (Prop_fdre_C_Q)         0.141     1.742 r  u_trigger/u_decimator/o_dec_output_reg[2]/Q
                         net (fo=4, routed)           0.233     1.975    u_trigger/o_dec_output_reg[7][2]
    RAMB36_X4Y25         RAMB36E1                                     r  u_trigger/circular_bram_reg_0/DIADI[2]
  -------------------------------------------------------------------    -------------------

                         (clock clk rise edge)        0.000     0.000 r  
    Y9                                                0.000     0.000 r  clk (IN)
                         net (fo=0)                   0.000     0.000    clk
    Y9                   IBUF (Prop_ibuf_I_O)         0.446     0.446 r  clk_IBUF_inst/O
                         net (fo=1, routed)           0.719     1.165    clk_IBUF
    BUFGCTRL_X0Y0        BUFG (Prop_bufg_I_O)         0.029     1.194 r  clk_IBUF_BUFG_inst/O
                         net (fo=358, routed)         0.994     2.189    u_trigger/clk_IBUF_BUFG
    RAMB36_X4Y25         RAMB36E1                                     r  u_trigger/circular_bram_reg_0/CLKARDCLK
                         clock pessimism             -0.485     1.704    
    RAMB36_X4Y25         RAMB36E1 (Hold_ramb36e1_CLKARDCLK_DIADI[2])
                                                      0.155     1.859    u_trigger/circular_bram_reg_0
  -------------------------------------------------------------------
                         required time                         -1.859    
                         arrival time                           1.975    
  -------------------------------------------------------------------
                         slack                                  0.116    

Slack (MET) :             0.116ns  (arrival time - required time)
  Source:                 u_trigger/wr_ptr_reg[1]/C
                            (rising edge-triggered cell FDRE clocked by clk  {rise@0.000ns fall@5.000ns period=10.000ns})
  Destination:            u_trigger/circular_bram_reg_0/ADDRARDADDR[4]
                            (rising edge-triggered cell RAMB36E1 clocked by clk  {rise@0.000ns fall@5.000ns period=10.000ns})
  Path Group:             clk
  Path Type:              Hold (Min at Fast Process Corner)
  Requirement:            0.000ns  (clk rise@0.000ns - clk rise@0.000ns)
  Data Path Delay:        0.302ns  (logic 0.128ns (42.397%)  route 0.174ns (57.603%))
  Logic Levels:           0  
  Clock Path Skew:        0.056ns (DCD - SCD - CPR)
    Destination Clock Delay (DCD):    2.189ns
    Source Clock Delay      (SCD):    1.627ns
    Clock Pessimism Removal (CPR):    0.505ns

    Location             Delay type                Incr(ns)  Path(ns)    Netlist Resource(s)
  -------------------------------------------------------------------    -------------------
                         (clock clk rise edge)        0.000     0.000 r  
    Y9                                                0.000     0.000 r  clk (IN)
                         net (fo=0)                   0.000     0.000    clk
    Y9                   IBUF (Prop_ibuf_I_O)         0.258     0.258 r  clk_IBUF_inst/O
                         net (fo=1, routed)           0.663     0.921    clk_IBUF
    BUFGCTRL_X0Y0        BUFG (Prop_bufg_I_O)         0.026     0.947 r  clk_IBUF_BUFG_inst/O
                         net (fo=358, routed)         0.680     1.627    u_trigger/clk_IBUF_BUFG
    SLICE_X91Y127        FDRE                                         r  u_trigger/wr_ptr_reg[1]/C
  -------------------------------------------------------------------    -------------------
    SLICE_X91Y127        FDRE (Prop_fdre_C_Q)         0.128     1.755 r  u_trigger/wr_ptr_reg[1]/Q
                         net (fo=4, routed)           0.174     1.929    u_trigger/wr_ptr[1]
    RAMB36_X4Y25         RAMB36E1                                     r  u_trigger/circular_bram_reg_0/ADDRARDADDR[4]
  -------------------------------------------------------------------    -------------------

                         (clock clk rise edge)        0.000     0.000 r  
    Y9                                                0.000     0.000 r  clk (IN)
                         net (fo=0)                   0.000     0.000    clk
    Y9                   IBUF (Prop_ibuf_I_O)         0.446     0.446 r  clk_IBUF_inst/O
                         net (fo=1, routed)           0.719     1.165    clk_IBUF
    BUFGCTRL_X0Y0        BUFG (Prop_bufg_I_O)         0.029     1.194 r  clk_IBUF_BUFG_inst/O
                         net (fo=358, routed)         0.994     2.189    u_trigger/clk_IBUF_BUFG
    RAMB36_X4Y25         RAMB36E1                                     r  u_trigger/circular_bram_reg_0/CLKARDCLK
                         clock pessimism             -0.505     1.684    
    RAMB36_X4Y25         RAMB36E1 (Hold_ramb36e1_CLKARDCLK_ADDRARDADDR[4])
                                                      0.129     1.813    u_trigger/circular_bram_reg_0
  -------------------------------------------------------------------
                         required time                         -1.813    
                         arrival time                           1.929    
  -------------------------------------------------------------------
                         slack                                  0.116    

Slack (MET) :             0.128ns  (arrival time - required time)
  Source:                 u_trigger/rd_ptr_reg[9]/C
                            (rising edge-triggered cell FDRE clocked by clk  {rise@0.000ns fall@5.000ns period=10.000ns})
  Destination:            u_trigger/circular_bram_reg_0/ADDRBWRADDR[12]
                            (rising edge-triggered cell RAMB36E1 clocked by clk  {rise@0.000ns fall@5.000ns period=10.000ns})
  Path Group:             clk
  Path Type:              Hold (Min at Fast Process Corner)
  Requirement:            0.000ns  (clk rise@0.000ns - clk rise@0.000ns)
  Data Path Delay:        0.384ns  (logic 0.141ns (36.723%)  route 0.243ns (63.277%))
  Logic Levels:           0  
  Clock Path Skew:        0.072ns (DCD - SCD - CPR)
    Destination Clock Delay (DCD):    2.186ns
    Source Clock Delay      (SCD):    1.628ns
    Clock Pessimism Removal (CPR):    0.485ns

    Location             Delay type                Incr(ns)  Path(ns)    Netlist Resource(s)
  -------------------------------------------------------------------    -------------------
                         (clock clk rise edge)        0.000     0.000 r  
    Y9                                                0.000     0.000 r  clk (IN)
                         net (fo=0)                   0.000     0.000    clk
    Y9                   IBUF (Prop_ibuf_I_O)         0.258     0.258 r  clk_IBUF_inst/O
                         net (fo=1, routed)           0.663     0.921    clk_IBUF
    BUFGCTRL_X0Y0        BUFG (Prop_bufg_I_O)         0.026     0.947 r  clk_IBUF_BUFG_inst/O
                         net (fo=358, routed)         0.681     1.628    u_trigger/clk_IBUF_BUFG
    SLICE_X93Y129        FDRE                                         r  u_trigger/rd_ptr_reg[9]/C
  -------------------------------------------------------------------    -------------------
    SLICE_X93Y129        FDRE (Prop_fdre_C_Q)         0.141     1.769 r  u_trigger/rd_ptr_reg[9]/Q
                         net (fo=3, routed)           0.243     2.012    u_trigger/rd_ptr[9]
    RAMB36_X4Y25         RAMB36E1                                     r  u_trigger/circular_bram_reg_0/ADDRBWRADDR[12]
  -------------------------------------------------------------------    -------------------

                         (clock clk rise edge)        0.000     0.000 r  
    Y9                                                0.000     0.000 r  clk (IN)
                         net (fo=0)                   0.000     0.000    clk
    Y9                   IBUF (Prop_ibuf_I_O)         0.446     0.446 r  clk_IBUF_inst/O
                         net (fo=1, routed)           0.719     1.165    clk_IBUF
    BUFGCTRL_X0Y0        BUFG (Prop_bufg_I_O)         0.029     1.194 r  clk_IBUF_BUFG_inst/O
                         net (fo=358, routed)         0.991     2.186    u_trigger/clk_IBUF_BUFG
    RAMB36_X4Y25         RAMB36E1                                     r  u_trigger/circular_bram_reg_0/CLKBWRCLK
                         clock pessimism             -0.485     1.701    
    RAMB36_X4Y25         RAMB36E1 (Hold_ramb36e1_CLKBWRCLK_ADDRBWRADDR[12])
                                                      0.183     1.884    u_trigger/circular_bram_reg_0
  -------------------------------------------------------------------
                         required time                         -1.884    
                         arrival time                           2.012    
  -------------------------------------------------------------------
                         slack                                  0.128    

Slack (MET) :             0.135ns  (arrival time - required time)
  Source:                 u_trigger/wr_ptr_reg[4]/C
                            (rising edge-triggered cell FDRE clocked by clk  {rise@0.000ns fall@5.000ns period=10.000ns})
  Destination:            u_trigger/circular_bram_reg_0/ADDRARDADDR[7]
                            (rising edge-triggered cell RAMB36E1 clocked by clk  {rise@0.000ns fall@5.000ns period=10.000ns})
  Path Group:             clk
  Path Type:              Hold (Min at Fast Process Corner)
  Requirement:            0.000ns  (clk rise@0.000ns - clk rise@0.000ns)
  Data Path Delay:        0.375ns  (logic 0.141ns (37.611%)  route 0.234ns (62.389%))
  Logic Levels:           0  
  Clock Path Skew:        0.056ns (DCD - SCD - CPR)
    Destination Clock Delay (DCD):    2.189ns
    Source Clock Delay      (SCD):    1.627ns
    Clock Pessimism Removal (CPR):    0.505ns

    Location             Delay type                Incr(ns)  Path(ns)    Netlist Resource(s)
  -------------------------------------------------------------------    -------------------
                         (clock clk rise edge)        0.000     0.000 r  
    Y9                                                0.000     0.000 r  clk (IN)
                         net (fo=0)                   0.000     0.000    clk
    Y9                   IBUF (Prop_ibuf_I_O)         0.258     0.258 r  clk_IBUF_inst/O
                         net (fo=1, routed)           0.663     0.921    clk_IBUF
    BUFGCTRL_X0Y0        BUFG (Prop_bufg_I_O)         0.026     0.947 r  clk_IBUF_BUFG_inst/O
                         net (fo=358, routed)         0.680     1.627    u_trigger/clk_IBUF_BUFG
    SLICE_X91Y127        FDRE                                         r  u_trigger/wr_ptr_reg[4]/C
  -------------------------------------------------------------------    -------------------
    SLICE_X91Y127        FDRE (Prop_fdre_C_Q)         0.141     1.768 r  u_trigger/wr_ptr_reg[4]/Q
                         net (fo=4, routed)           0.234     2.002    u_trigger/wr_ptr[4]
    RAMB36_X4Y25         RAMB36E1                                     r  u_trigger/circular_bram_reg_0/ADDRARDADDR[7]
  -------------------------------------------------------------------    -------------------

                         (clock clk rise edge)        0.000     0.000 r  
    Y9                                                0.000     0.000 r  clk (IN)
                         net (fo=0)                   0.000     0.000    clk
    Y9                   IBUF (Prop_ibuf_I_O)         0.446     0.446 r  clk_IBUF_inst/O
                         net (fo=1, routed)           0.719     1.165    clk_IBUF
    BUFGCTRL_X0Y0        BUFG (Prop_bufg_I_O)         0.029     1.194 r  clk_IBUF_BUFG_inst/O
                         net (fo=358, routed)         0.994     2.189    u_trigger/clk_IBUF_BUFG
    RAMB36_X4Y25         RAMB36E1                                     r  u_trigger/circular_bram_reg_0/CLKARDCLK
                         clock pessimism             -0.505     1.684    
    RAMB36_X4Y25         RAMB36E1 (Hold_ramb36e1_CLKARDCLK_ADDRARDADDR[7])
                                                      0.183     1.867    u_trigger/circular_bram_reg_0
  -------------------------------------------------------------------
                         required time                         -1.867    
                         arrival time                           2.002    
  -------------------------------------------------------------------
                         slack                                  0.135    

Slack (MET) :             0.143ns  (arrival time - required time)
  Source:                 u_uart/FSM_onehot_rx_state_reg[0]/C
                            (rising edge-triggered cell FDSE clocked by clk  {rise@0.000ns fall@5.000ns period=10.000ns})
  Destination:            u_uart/FSM_onehot_rx_state_reg[1]/D
                            (rising edge-triggered cell FDRE clocked by clk  {rise@0.000ns fall@5.000ns period=10.000ns})
  Path Group:             clk
  Path Type:              Hold (Min at Fast Process Corner)
  Requirement:            0.000ns  (clk rise@0.000ns - clk rise@0.000ns)
  Data Path Delay:        0.218ns  (logic 0.141ns (64.541%)  route 0.077ns (35.459%))
  Logic Levels:           0  
  Clock Path Skew:        0.000ns (DCD - SCD - CPR)
    Destination Clock Delay (DCD):    2.126ns
    Source Clock Delay      (SCD):    1.608ns
    Clock Pessimism Removal (CPR):    0.518ns

    Location             Delay type                Incr(ns)  Path(ns)    Netlist Resource(s)
  -------------------------------------------------------------------    -------------------
                         (clock clk rise edge)        0.000     0.000 r  
    Y9                                                0.000     0.000 r  clk (IN)
                         net (fo=0)                   0.000     0.000    clk
    Y9                   IBUF (Prop_ibuf_I_O)         0.258     0.258 r  clk_IBUF_inst/O
                         net (fo=1, routed)           0.663     0.921    clk_IBUF
    BUFGCTRL_X0Y0        BUFG (Prop_bufg_I_O)         0.026     0.947 r  clk_IBUF_BUFG_inst/O
                         net (fo=358, routed)         0.661     1.608    u_uart/clk_IBUF_BUFG
    SLICE_X80Y132        FDSE                                         r  u_uart/FSM_onehot_rx_state_reg[0]/C
  -------------------------------------------------------------------    -------------------
    SLICE_X80Y132        FDSE (Prop_fdse_C_Q)         0.141     1.749 r  u_uart/FSM_onehot_rx_state_reg[0]/Q
                         net (fo=2, routed)           0.077     1.827    u_uart/FSM_onehot_rx_state_reg_n_0_[0]
    SLICE_X80Y132        FDRE                                         r  u_uart/FSM_onehot_rx_state_reg[1]/D
  -------------------------------------------------------------------    -------------------

                         (clock clk rise edge)        0.000     0.000 r  
    Y9                                                0.000     0.000 r  clk (IN)
                         net (fo=0)                   0.000     0.000    clk
    Y9                   IBUF (Prop_ibuf_I_O)         0.446     0.446 r  clk_IBUF_inst/O
                         net (fo=1, routed)           0.719     1.165    clk_IBUF
    BUFGCTRL_X0Y0        BUFG (Prop_bufg_I_O)         0.029     1.194 r  clk_IBUF_BUFG_inst/O
                         net (fo=358, routed)         0.932     2.126    u_uart/clk_IBUF_BUFG
    SLICE_X80Y132        FDRE                                         r  u_uart/FSM_onehot_rx_state_reg[1]/C
                         clock pessimism             -0.518     1.608    
    SLICE_X80Y132        FDRE (Hold_fdre_C_D)         0.075     1.683    u_uart/FSM_onehot_rx_state_reg[1]
  -------------------------------------------------------------------
                         required time                         -1.683    
                         arrival time                           1.827    
  -------------------------------------------------------------------
                         slack                                  0.143    





Pulse Width Checks
--------------------------------------------------------------------------------------
Clock Name:         clk
Waveform(ns):       { 0.000 5.000 }
Period(ns):         10.000
Sources:            { clk }

Check Type        Corner  Lib Pin             Reference Pin  Required(ns)  Actual(ns)  Slack(ns)  Location       Pin
Min Period        n/a     XADC/DCLK           n/a            4.000         10.000      6.000      XADC_X0Y0      xadc_inst/U0/DCLK
Min Period        n/a     RAMB36E1/CLKARDCLK  n/a            2.944         10.000      7.056      RAMB36_X4Y25   u_trigger/circular_bram_reg_0/CLKARDCLK
Min Period        n/a     RAMB36E1/CLKARDCLK  n/a            2.944         10.000      7.056      RAMB36_X4Y26   u_trigger/circular_bram_reg_1/CLKARDCLK
Min Period        n/a     RAMB36E1/CLKBWRCLK  n/a            2.576         10.000      7.424      RAMB36_X4Y25   u_trigger/circular_bram_reg_0/CLKBWRCLK
Min Period        n/a     RAMB36E1/CLKBWRCLK  n/a            2.576         10.000      7.424      RAMB36_X4Y26   u_trigger/circular_bram_reg_1/CLKBWRCLK
Min Period        n/a     BUFG/I              n/a            2.155         10.000      7.845      BUFGCTRL_X0Y0  clk_IBUF_BUFG_inst/I
Min Period        n/a     FDRE/C              n/a            1.000         10.000      9.000      SLICE_X61Y97   u_buck_pwm/buck_out_reg/C
Min Period        n/a     FDRE/C              n/a            1.000         10.000      9.000      SLICE_X66Y97   u_buck_pwm/clk_en_reg/C
Min Period        n/a     FDRE/C              n/a            1.000         10.000      9.000      SLICE_X64Y97   u_buck_pwm/counter_reg[0]/C
Min Period        n/a     FDRE/C              n/a            1.000         10.000      9.000      SLICE_X63Y97   u_buck_pwm/counter_reg[1]/C
Low Pulse Width   Slow    FDRE/C              n/a            0.500         5.000       4.500      SLICE_X61Y97   u_buck_pwm/buck_out_reg/C
Low Pulse Width   Fast    FDRE/C              n/a            0.500         5.000       4.500      SLICE_X61Y97   u_buck_pwm/buck_out_reg/C
Low Pulse Width   Slow    FDRE/C              n/a            0.500         5.000       4.500      SLICE_X66Y97   u_buck_pwm/clk_en_reg/C
Low Pulse Width   Fast    FDRE/C              n/a            0.500         5.000       4.500      SLICE_X66Y97   u_buck_pwm/clk_en_reg/C
Low Pulse Width   Slow    FDRE/C              n/a            0.500         5.000       4.500      SLICE_X64Y97   u_buck_pwm/counter_reg[0]/C
Low Pulse Width   Fast    FDRE/C              n/a            0.500         5.000       4.500      SLICE_X64Y97   u_buck_pwm/counter_reg[0]/C
Low Pulse Width   Slow    FDRE/C              n/a            0.500         5.000       4.500      SLICE_X63Y97   u_buck_pwm/counter_reg[1]/C
Low Pulse Width   Fast    FDRE/C              n/a            0.500         5.000       4.500      SLICE_X63Y97   u_buck_pwm/counter_reg[1]/C
Low Pulse Width   Slow    FDRE/C              n/a            0.500         5.000       4.500      SLICE_X63Y97   u_buck_pwm/counter_reg[2]/C
Low Pulse Width   Fast    FDRE/C              n/a            0.500         5.000       4.500      SLICE_X63Y97   u_buck_pwm/counter_reg[2]/C
High Pulse Width  Slow    FDRE/C              n/a            0.500         5.000       4.500      SLICE_X61Y97   u_buck_pwm/buck_out_reg/C
High Pulse Width  Fast    FDRE/C              n/a            0.500         5.000       4.500      SLICE_X61Y97   u_buck_pwm/buck_out_reg/C
High Pulse Width  Slow    FDRE/C              n/a            0.500         5.000       4.500      SLICE_X66Y97   u_buck_pwm/clk_en_reg/C
High Pulse Width  Fast    FDRE/C              n/a            0.500         5.000       4.500      SLICE_X66Y97   u_buck_pwm/clk_en_reg/C
High Pulse Width  Slow    FDRE/C              n/a            0.500         5.000       4.500      SLICE_X64Y97   u_buck_pwm/counter_reg[0]/C
High Pulse Width  Fast    FDRE/C              n/a            0.500         5.000       4.500      SLICE_X64Y97   u_buck_pwm/counter_reg[0]/C
High Pulse Width  Slow    FDRE/C              n/a            0.500         5.000       4.500      SLICE_X63Y97   u_buck_pwm/counter_reg[1]/C
High Pulse Width  Fast    FDRE/C              n/a            0.500         5.000       4.500      SLICE_X63Y97   u_buck_pwm/counter_reg[1]/C
High Pulse Width  Slow    FDRE/C              n/a            0.500         5.000       4.500      SLICE_X63Y97   u_buck_pwm/counter_reg[2]/C
High Pulse Width  Fast    FDRE/C              n/a            0.500         5.000       4.500      SLICE_X63Y97   u_buck_pwm/counter_reg[2]/C



--------------------------------------------------------------------------------------
Path Group:  (none)
From Clock:  clk
  To Clock:  

Max Delay             8 Endpoints
Min Delay             8 Endpoints
--------------------------------------------------------------------------------------


Max Delay Paths
--------------------------------------------------------------------------------------
Slack:                    inf
  Source:                 u_wave/pwm_out_reg/C
                            (rising edge-triggered cell FDRE clocked by clk  {rise@0.000ns fall@5.000ns period=10.000ns})
  Destination:            pwm_out
                            (output port)
  Path Group:             (none)
  Path Type:              Max at Slow Process Corner
  Data Path Delay:        11.175ns  (logic 4.113ns (36.802%)  route 7.062ns (63.198%))
  Logic Levels:           1  (OBUF=1)
  Clock Uncertainty:      0.025ns  ((TSJ^2 + TIJ^2)^1/2 + DJ) / 2 + PE
    Total System Jitter     (TSJ):    0.050ns
    Total Input Jitter      (TIJ):    0.000ns
    Discrete Jitter          (DJ):    0.000ns
    Phase Error              (PE):    0.000ns

    Location             Delay type                Incr(ns)  Path(ns)    Netlist Resource(s)
  -------------------------------------------------------------------    -------------------
                         (clock clk rise edge)        0.000     0.000 r  
    Y9                                                0.000     0.000 r  clk (IN)
                         net (fo=0)                   0.000     0.000    clk
    Y9                   IBUF (Prop_ibuf_I_O)         1.490     1.490 r  clk_IBUF_inst/O
                         net (fo=1, routed)           2.171     3.661    clk_IBUF
    BUFGCTRL_X0Y0        BUFG (Prop_bufg_I_O)         0.101     3.762 r  clk_IBUF_BUFG_inst/O
                         net (fo=358, routed)         1.908     5.670    u_wave/clk_IBUF_BUFG
    SLICE_X86Y132        FDRE                                         r  u_wave/pwm_out_reg/C
  -------------------------------------------------------------------    -------------------
    SLICE_X86Y132        FDRE (Prop_fdre_C_Q)         0.518     6.188 r  u_wave/pwm_out_reg/Q
                         net (fo=1, routed)           7.062    13.251    pwm_out_OBUF
    Y10                  OBUF (Prop_obuf_I_O)         3.595    16.845 r  pwm_out_OBUF_inst/O
                         net (fo=0)                   0.000    16.845    pwm_out
    Y10                                                               r  pwm_out (OUT)
  -------------------------------------------------------------------    -------------------

Slack:                    inf
  Source:                 u_uart/u_tx/FSM_sequential_state_reg[1]/C
                            (rising edge-triggered cell FDRE clocked by clk  {rise@0.000ns fall@5.000ns period=10.000ns})
  Destination:            o_tx_busy
                            (output port)
  Path Group:             (none)
  Path Type:              Max at Slow Process Corner
  Data Path Delay:        10.577ns  (logic 4.470ns (42.264%)  route 6.107ns (57.736%))
  Logic Levels:           2  (LUT2=1 OBUF=1)
  Clock Uncertainty:      0.025ns  ((TSJ^2 + TIJ^2)^1/2 + DJ) / 2 + PE
    Total System Jitter     (TSJ):    0.050ns
    Total Input Jitter      (TIJ):    0.000ns
    Discrete Jitter          (DJ):    0.000ns
    Phase Error              (PE):    0.000ns

    Location             Delay type                Incr(ns)  Path(ns)    Netlist Resource(s)
  -------------------------------------------------------------------    -------------------
                         (clock clk rise edge)        0.000     0.000 r  
    Y9                                                0.000     0.000 r  clk (IN)
                         net (fo=0)                   0.000     0.000    clk
    Y9                   IBUF (Prop_ibuf_I_O)         1.490     1.490 r  clk_IBUF_inst/O
                         net (fo=1, routed)           2.171     3.661    clk_IBUF
    BUFGCTRL_X0Y0        BUFG (Prop_bufg_I_O)         0.101     3.762 r  clk_IBUF_BUFG_inst/O
                         net (fo=358, routed)         1.967     5.729    u_uart/u_tx/clk_IBUF_BUFG
    SLICE_X95Y130        FDRE                                         r  u_uart/u_tx/FSM_sequential_state_reg[1]/C
  -------------------------------------------------------------------    -------------------
    SLICE_X95Y130        FDRE (Prop_fdre_C_Q)         0.419     6.148 r  u_uart/u_tx/FSM_sequential_state_reg[1]/Q
                         net (fo=20, routed)          1.035     7.184    u_uart/u_tx/state[1]
    SLICE_X97Y129        LUT2 (Prop_lut2_I0_O)        0.327     7.511 r  u_uart/u_tx/o_tx_busy_OBUF_inst_i_1/O
                         net (fo=1, routed)           5.072    12.582    o_tx_busy_OBUF
    T22                  OBUF (Prop_obuf_I_O)         3.724    16.307 r  o_tx_busy_OBUF_inst/O
                         net (fo=0)                   0.000    16.307    o_tx_busy
    T22                                                               r  o_tx_busy (OUT)
  -------------------------------------------------------------------    -------------------

Slack:                    inf
  Source:                 u_uart/u_tx/tx_r_reg/C
                            (rising edge-triggered cell FDSE clocked by clk  {rise@0.000ns fall@5.000ns period=10.000ns})
  Destination:            o_tx
                            (output port)
  Path Group:             (none)
  Path Type:              Max at Slow Process Corner
  Data Path Delay:        10.295ns  (logic 4.133ns (40.149%)  route 6.162ns (59.851%))
  Logic Levels:           1  (OBUF=1)
  Clock Uncertainty:      0.025ns  ((TSJ^2 + TIJ^2)^1/2 + DJ) / 2 + PE
    Total System Jitter     (TSJ):    0.050ns
    Total Input Jitter      (TIJ):    0.000ns
    Discrete Jitter          (DJ):    0.000ns
    Phase Error              (PE):    0.000ns

    Location             Delay type                Incr(ns)  Path(ns)    Netlist Resource(s)
  -------------------------------------------------------------------    -------------------
                         (clock clk rise edge)        0.000     0.000 r  
    Y9                                                0.000     0.000 r  clk (IN)
                         net (fo=0)                   0.000     0.000    clk
    Y9                   IBUF (Prop_ibuf_I_O)         1.490     1.490 r  clk_IBUF_inst/O
                         net (fo=1, routed)           2.171     3.661    clk_IBUF
    BUFGCTRL_X0Y0        BUFG (Prop_bufg_I_O)         0.101     3.762 r  clk_IBUF_BUFG_inst/O
                         net (fo=358, routed)         1.956     5.718    u_uart/u_tx/clk_IBUF_BUFG
    SLICE_X90Y125        FDSE                                         r  u_uart/u_tx/tx_r_reg/C
  -------------------------------------------------------------------    -------------------
    SLICE_X90Y125        FDSE (Prop_fdse_C_Q)         0.518     6.236 r  u_uart/u_tx/tx_r_reg/Q
                         net (fo=1, routed)           6.162    12.398    o_tx_OBUF
    AA11                 OBUF (Prop_obuf_I_O)         3.615    16.014 r  o_tx_OBUF_inst/O
                         net (fo=0)                   0.000    16.014    o_tx
    AA11                                                              r  o_tx (OUT)
  -------------------------------------------------------------------    -------------------

Slack:                    inf
  Source:                 xadc_inst/U0/DCLK
                            (rising edge-triggered cell XADC clocked by clk  {rise@0.000ns fall@5.000ns period=10.000ns})
  Destination:            led2
                            (output port)
  Path Group:             (none)
  Path Type:              Max at Slow Process Corner
  Data Path Delay:        9.974ns  (logic 4.745ns (47.575%)  route 5.229ns (52.425%))
  Logic Levels:           1  (OBUF=1)
  Clock Uncertainty:      0.025ns  ((TSJ^2 + TIJ^2)^1/2 + DJ) / 2 + PE
    Total System Jitter     (TSJ):    0.050ns
    Total Input Jitter      (TIJ):    0.000ns
    Discrete Jitter          (DJ):    0.000ns
    Phase Error              (PE):    0.000ns

    Location             Delay type                Incr(ns)  Path(ns)    Netlist Resource(s)
  -------------------------------------------------------------------    -------------------
                         (clock clk rise edge)        0.000     0.000 r  
    Y9                                                0.000     0.000 r  clk (IN)
                         net (fo=0)                   0.000     0.000    clk
    Y9                   IBUF (Prop_ibuf_I_O)         1.490     1.490 r  clk_IBUF_inst/O
                         net (fo=1, routed)           2.171     3.661    clk_IBUF
    BUFGCTRL_X0Y0        BUFG (Prop_bufg_I_O)         0.101     3.762 r  clk_IBUF_BUFG_inst/O
                         net (fo=358, routed)         1.896     5.658    xadc_inst/dclk_in
    XADC_X0Y0            XADC                                         r  xadc_inst/U0/DCLK
  -------------------------------------------------------------------    -------------------
    XADC_X0Y0            XADC (Prop_xadc_DCLK_DO[0])
                                                      1.214     6.872 r  xadc_inst/U0/DO[0]
                         net (fo=1, routed)           5.229    12.101    led2_OBUF
    U22                  OBUF (Prop_obuf_I_O)         3.531    15.632 r  led2_OBUF_inst/O
                         net (fo=0)                   0.000    15.632    led2
    U22                                                               r  led2 (OUT)
  -------------------------------------------------------------------    -------------------

Slack:                    inf
  Source:                 u_buck_pwm/buck_out_reg/C
                            (rising edge-triggered cell FDRE clocked by clk  {rise@0.000ns fall@5.000ns period=10.000ns})
  Destination:            buck_out
                            (output port)
  Path Group:             (none)
  Path Type:              Max at Slow Process Corner
  Data Path Delay:        9.806ns  (logic 4.033ns (41.133%)  route 5.772ns (58.867%))
  Logic Levels:           1  (OBUF=1)
  Clock Uncertainty:      0.025ns  ((TSJ^2 + TIJ^2)^1/2 + DJ) / 2 + PE
    Total System Jitter     (TSJ):    0.050ns
    Total Input Jitter      (TIJ):    0.000ns
    Discrete Jitter          (DJ):    0.000ns
    Phase Error              (PE):    0.000ns

    Location             Delay type                Incr(ns)  Path(ns)    Netlist Resource(s)
  -------------------------------------------------------------------    -------------------
                         (clock clk rise edge)        0.000     0.000 r  
    Y9                                                0.000     0.000 r  clk (IN)
                         net (fo=0)                   0.000     0.000    clk
    Y9                   IBUF (Prop_ibuf_I_O)         1.490     1.490 r  clk_IBUF_inst/O
                         net (fo=1, routed)           2.171     3.661    clk_IBUF
    BUFGCTRL_X0Y0        BUFG (Prop_bufg_I_O)         0.101     3.762 r  clk_IBUF_BUFG_inst/O
                         net (fo=358, routed)         1.718     5.480    u_buck_pwm/clk_IBUF_BUFG
    SLICE_X61Y97         FDRE                                         r  u_buck_pwm/buck_out_reg/C
  -------------------------------------------------------------------    -------------------
    SLICE_X61Y97         FDRE (Prop_fdre_C_Q)         0.456     5.936 r  u_buck_pwm/buck_out_reg/Q
                         net (fo=1, routed)           5.772    11.709    buck_out_OBUF
    AA9                  OBUF (Prop_obuf_I_O)         3.577    15.286 r  buck_out_OBUF_inst/O
                         net (fo=0)                   0.000    15.286    buck_out
    AA9                                                               r  buck_out (OUT)
  -------------------------------------------------------------------    -------------------

Slack:                    inf
  Source:                 u_trigger/o_led4_reg/C
                            (rising edge-triggered cell FDRE clocked by clk  {rise@0.000ns fall@5.000ns period=10.000ns})
  Destination:            led4
                            (output port)
  Path Group:             (none)
  Path Type:              Max at Slow Process Corner
  Data Path Delay:        9.076ns  (logic 4.186ns (46.122%)  route 4.890ns (53.878%))
  Logic Levels:           1  (OBUF=1)
  Clock Uncertainty:      0.025ns  ((TSJ^2 + TIJ^2)^1/2 + DJ) / 2 + PE
    Total System Jitter     (TSJ):    0.050ns
    Total Input Jitter      (TIJ):    0.000ns
    Discrete Jitter          (DJ):    0.000ns
    Phase Error              (PE):    0.000ns

    Location             Delay type                Incr(ns)  Path(ns)    Netlist Resource(s)
  -------------------------------------------------------------------    -------------------
                         (clock clk rise edge)        0.000     0.000 r  
    Y9                                                0.000     0.000 r  clk (IN)
                         net (fo=0)                   0.000     0.000    clk
    Y9                   IBUF (Prop_ibuf_I_O)         1.490     1.490 r  clk_IBUF_inst/O
                         net (fo=1, routed)           2.171     3.661    clk_IBUF
    BUFGCTRL_X0Y0        BUFG (Prop_bufg_I_O)         0.101     3.762 r  clk_IBUF_BUFG_inst/O
                         net (fo=358, routed)         1.960     5.722    u_trigger/clk_IBUF_BUFG
    SLICE_X98Y124        FDRE                                         r  u_trigger/o_led4_reg/C
  -------------------------------------------------------------------    -------------------
    SLICE_X98Y124        FDRE (Prop_fdre_C_Q)         0.478     6.200 r  u_trigger/o_led4_reg/Q
                         net (fo=1, routed)           4.890    11.090    led4_OBUF
    V22                  OBUF (Prop_obuf_I_O)         3.708    14.798 r  led4_OBUF_inst/O
                         net (fo=0)                   0.000    14.798    led4
    V22                                                               r  led4 (OUT)
  -------------------------------------------------------------------    -------------------

Slack:                    inf
  Source:                 u_trigger/o_led5_reg/C
                            (rising edge-triggered cell FDRE clocked by clk  {rise@0.000ns fall@5.000ns period=10.000ns})
  Destination:            led5
                            (output port)
  Path Group:             (none)
  Path Type:              Max at Slow Process Corner
  Data Path Delay:        8.709ns  (logic 3.987ns (45.783%)  route 4.722ns (54.217%))
  Logic Levels:           1  (OBUF=1)
  Clock Uncertainty:      0.025ns  ((TSJ^2 + TIJ^2)^1/2 + DJ) / 2 + PE
    Total System Jitter     (TSJ):    0.050ns
    Total Input Jitter      (TIJ):    0.000ns
    Discrete Jitter          (DJ):    0.000ns
    Phase Error              (PE):    0.000ns

    Location             Delay type                Incr(ns)  Path(ns)    Netlist Resource(s)
  -------------------------------------------------------------------    -------------------
                         (clock clk rise edge)        0.000     0.000 r  
    Y9                                                0.000     0.000 r  clk (IN)
                         net (fo=0)                   0.000     0.000    clk
    Y9                   IBUF (Prop_ibuf_I_O)         1.490     1.490 r  clk_IBUF_inst/O
                         net (fo=1, routed)           2.171     3.661    clk_IBUF
    BUFGCTRL_X0Y0        BUFG (Prop_bufg_I_O)         0.101     3.762 r  clk_IBUF_BUFG_inst/O
                         net (fo=358, routed)         1.964     5.726    u_trigger/clk_IBUF_BUFG
    SLICE_X93Y128        FDRE                                         r  u_trigger/o_led5_reg/C
  -------------------------------------------------------------------    -------------------
    SLICE_X93Y128        FDRE (Prop_fdre_C_Q)         0.456     6.182 r  u_trigger/o_led5_reg/Q
                         net (fo=1, routed)           4.722    10.904    led5_OBUF
    W22                  OBUF (Prop_obuf_I_O)         3.531    14.435 r  led5_OBUF_inst/O
                         net (fo=0)                   0.000    14.435    led5
    W22                                                               r  led5 (OUT)
  -------------------------------------------------------------------    -------------------

Slack:                    inf
  Source:                 u_trigger/o_led3_reg/C
                            (rising edge-triggered cell FDRE clocked by clk  {rise@0.000ns fall@5.000ns period=10.000ns})
  Destination:            led3
                            (output port)
  Path Group:             (none)
  Path Type:              Max at Slow Process Corner
  Data Path Delay:        8.354ns  (logic 4.048ns (48.455%)  route 4.306ns (51.545%))
  Logic Levels:           1  (OBUF=1)
  Clock Uncertainty:      0.025ns  ((TSJ^2 + TIJ^2)^1/2 + DJ) / 2 + PE
    Total System Jitter     (TSJ):    0.050ns
    Total Input Jitter      (TIJ):    0.000ns
    Discrete Jitter          (DJ):    0.000ns
    Phase Error              (PE):    0.000ns

    Location             Delay type                Incr(ns)  Path(ns)    Netlist Resource(s)
  -------------------------------------------------------------------    -------------------
                         (clock clk rise edge)        0.000     0.000 r  
    Y9                                                0.000     0.000 r  clk (IN)
                         net (fo=0)                   0.000     0.000    clk
    Y9                   IBUF (Prop_ibuf_I_O)         1.490     1.490 r  clk_IBUF_inst/O
                         net (fo=1, routed)           2.171     3.661    clk_IBUF
    BUFGCTRL_X0Y0        BUFG (Prop_bufg_I_O)         0.101     3.762 r  clk_IBUF_BUFG_inst/O
                         net (fo=358, routed)         1.960     5.722    u_trigger/clk_IBUF_BUFG
    SLICE_X98Y124        FDRE                                         r  u_trigger/o_led3_reg/C
  -------------------------------------------------------------------    -------------------
    SLICE_X98Y124        FDRE (Prop_fdre_C_Q)         0.518     6.240 r  u_trigger/o_led3_reg/Q
                         net (fo=1, routed)           4.306    10.546    led3_OBUF
    U21                  OBUF (Prop_obuf_I_O)         3.530    14.076 r  led3_OBUF_inst/O
                         net (fo=0)                   0.000    14.076    led3
    U21                                                               r  led3 (OUT)
  -------------------------------------------------------------------    -------------------





Min Delay Paths
--------------------------------------------------------------------------------------
Slack:                    inf
  Source:                 u_trigger/o_led3_reg/C
                            (rising edge-triggered cell FDRE clocked by clk  {rise@0.000ns fall@5.000ns period=10.000ns})
  Destination:            led3
                            (output port)
  Path Group:             (none)
  Path Type:              Min at Fast Process Corner
  Data Path Delay:        2.848ns  (logic 1.395ns (48.978%)  route 1.453ns (51.022%))
  Logic Levels:           1  (OBUF=1)
  Clock Uncertainty:      0.025ns  ((TSJ^2 + TIJ^2)^1/2 + DJ) / 2 + PE
    Total System Jitter     (TSJ):    0.050ns
    Total Input Jitter      (TIJ):    0.000ns
    Discrete Jitter          (DJ):    0.000ns
    Phase Error              (PE):    0.000ns

    Location             Delay type                Incr(ns)  Path(ns)    Netlist Resource(s)
  -------------------------------------------------------------------    -------------------
                         (clock clk rise edge)        0.000     0.000 r  
    Y9                                                0.000     0.000 r  clk (IN)
                         net (fo=0)                   0.000     0.000    clk
    Y9                   IBUF (Prop_ibuf_I_O)         0.258     0.258 r  clk_IBUF_inst/O
                         net (fo=1, routed)           0.663     0.921    clk_IBUF
    BUFGCTRL_X0Y0        BUFG (Prop_bufg_I_O)         0.026     0.947 r  clk_IBUF_BUFG_inst/O
                         net (fo=358, routed)         0.679     1.626    u_trigger/clk_IBUF_BUFG
    SLICE_X98Y124        FDRE                                         r  u_trigger/o_led3_reg/C
  -------------------------------------------------------------------    -------------------
    SLICE_X98Y124        FDRE (Prop_fdre_C_Q)         0.164     1.790 r  u_trigger/o_led3_reg/Q
                         net (fo=1, routed)           1.453     3.243    led3_OBUF
    U21                  OBUF (Prop_obuf_I_O)         1.231     4.474 r  led3_OBUF_inst/O
                         net (fo=0)                   0.000     4.474    led3
    U21                                                               r  led3 (OUT)
  -------------------------------------------------------------------    -------------------

Slack:                    inf
  Source:                 u_trigger/o_led5_reg/C
                            (rising edge-triggered cell FDRE clocked by clk  {rise@0.000ns fall@5.000ns period=10.000ns})
  Destination:            led5
                            (output port)
  Path Group:             (none)
  Path Type:              Min at Fast Process Corner
  Data Path Delay:        3.029ns  (logic 1.373ns (45.334%)  route 1.656ns (54.666%))
  Logic Levels:           1  (OBUF=1)
  Clock Uncertainty:      0.025ns  ((TSJ^2 + TIJ^2)^1/2 + DJ) / 2 + PE
    Total System Jitter     (TSJ):    0.050ns
    Total Input Jitter      (TIJ):    0.000ns
    Discrete Jitter          (DJ):    0.000ns
    Phase Error              (PE):    0.000ns

    Location             Delay type                Incr(ns)  Path(ns)    Netlist Resource(s)
  -------------------------------------------------------------------    -------------------
                         (clock clk rise edge)        0.000     0.000 r  
    Y9                                                0.000     0.000 r  clk (IN)
                         net (fo=0)                   0.000     0.000    clk
    Y9                   IBUF (Prop_ibuf_I_O)         0.258     0.258 r  clk_IBUF_inst/O
                         net (fo=1, routed)           0.663     0.921    clk_IBUF
    BUFGCTRL_X0Y0        BUFG (Prop_bufg_I_O)         0.026     0.947 r  clk_IBUF_BUFG_inst/O
                         net (fo=358, routed)         0.680     1.627    u_trigger/clk_IBUF_BUFG
    SLICE_X93Y128        FDRE                                         r  u_trigger/o_led5_reg/C
  -------------------------------------------------------------------    -------------------
    SLICE_X93Y128        FDRE (Prop_fdre_C_Q)         0.141     1.768 r  u_trigger/o_led5_reg/Q
                         net (fo=1, routed)           1.656     3.424    led5_OBUF
    W22                  OBUF (Prop_obuf_I_O)         1.232     4.656 r  led5_OBUF_inst/O
                         net (fo=0)                   0.000     4.656    led5
    W22                                                               r  led5 (OUT)
  -------------------------------------------------------------------    -------------------

Slack:                    inf
  Source:                 u_trigger/o_led4_reg/C
                            (rising edge-triggered cell FDRE clocked by clk  {rise@0.000ns fall@5.000ns period=10.000ns})
  Destination:            led4
                            (output port)
  Path Group:             (none)
  Path Type:              Min at Fast Process Corner
  Data Path Delay:        3.209ns  (logic 1.439ns (44.827%)  route 1.771ns (55.173%))
  Logic Levels:           1  (OBUF=1)
  Clock Uncertainty:      0.025ns  ((TSJ^2 + TIJ^2)^1/2 + DJ) / 2 + PE
    Total System Jitter     (TSJ):    0.050ns
    Total Input Jitter      (TIJ):    0.000ns
    Discrete Jitter          (DJ):    0.000ns
    Phase Error              (PE):    0.000ns

    Location             Delay type                Incr(ns)  Path(ns)    Netlist Resource(s)
  -------------------------------------------------------------------    -------------------
                         (clock clk rise edge)        0.000     0.000 r  
    Y9                                                0.000     0.000 r  clk (IN)
                         net (fo=0)                   0.000     0.000    clk
    Y9                   IBUF (Prop_ibuf_I_O)         0.258     0.258 r  clk_IBUF_inst/O
                         net (fo=1, routed)           0.663     0.921    clk_IBUF
    BUFGCTRL_X0Y0        BUFG (Prop_bufg_I_O)         0.026     0.947 r  clk_IBUF_BUFG_inst/O
                         net (fo=358, routed)         0.679     1.626    u_trigger/clk_IBUF_BUFG
    SLICE_X98Y124        FDRE                                         r  u_trigger/o_led4_reg/C
  -------------------------------------------------------------------    -------------------
    SLICE_X98Y124        FDRE (Prop_fdre_C_Q)         0.148     1.774 r  u_trigger/o_led4_reg/Q
                         net (fo=1, routed)           1.771     3.545    led4_OBUF
    V22                  OBUF (Prop_obuf_I_O)         1.291     4.836 r  led4_OBUF_inst/O
                         net (fo=0)                   0.000     4.836    led4
    V22                                                               r  led4 (OUT)
  -------------------------------------------------------------------    -------------------

Slack:                    inf
  Source:                 xadc_inst/U0/DCLK
                            (rising edge-triggered cell XADC clocked by clk  {rise@0.000ns fall@5.000ns period=10.000ns})
  Destination:            led2
                            (output port)
  Path Group:             (none)
  Path Type:              Min at Fast Process Corner
  Data Path Delay:        3.420ns  (logic 1.488ns (43.512%)  route 1.932ns (56.488%))
  Logic Levels:           1  (OBUF=1)
  Clock Uncertainty:      0.025ns  ((TSJ^2 + TIJ^2)^1/2 + DJ) / 2 + PE
    Total System Jitter     (TSJ):    0.050ns
    Total Input Jitter      (TIJ):    0.000ns
    Discrete Jitter          (DJ):    0.000ns
    Phase Error              (PE):    0.000ns

    Location             Delay type                Incr(ns)  Path(ns)    Netlist Resource(s)
  -------------------------------------------------------------------    -------------------
                         (clock clk rise edge)        0.000     0.000 r  
    Y9                                                0.000     0.000 r  clk (IN)
                         net (fo=0)                   0.000     0.000    clk
    Y9                   IBUF (Prop_ibuf_I_O)         0.258     0.258 r  clk_IBUF_inst/O
                         net (fo=1, routed)           0.663     0.921    clk_IBUF
    BUFGCTRL_X0Y0        BUFG (Prop_bufg_I_O)         0.026     0.947 r  clk_IBUF_BUFG_inst/O
                         net (fo=358, routed)         0.654     1.601    xadc_inst/dclk_in
    XADC_X0Y0            XADC                                         r  xadc_inst/U0/DCLK
  -------------------------------------------------------------------    -------------------
    XADC_X0Y0            XADC (Prop_xadc_DCLK_DO[0])
                                                      0.256     1.857 r  xadc_inst/U0/DO[0]
                         net (fo=1, routed)           1.932     3.789    led2_OBUF
    U22                  OBUF (Prop_obuf_I_O)         1.232     5.021 r  led2_OBUF_inst/O
                         net (fo=0)                   0.000     5.021    led2
    U22                                                               r  led2 (OUT)
  -------------------------------------------------------------------    -------------------

Slack:                    inf
  Source:                 u_buck_pwm/buck_out_reg/C
                            (rising edge-triggered cell FDRE clocked by clk  {rise@0.000ns fall@5.000ns period=10.000ns})
  Destination:            buck_out
                            (output port)
  Path Group:             (none)
  Path Type:              Min at Fast Process Corner
  Data Path Delay:        3.719ns  (logic 1.419ns (38.148%)  route 2.300ns (61.852%))
  Logic Levels:           1  (OBUF=1)
  Clock Uncertainty:      0.025ns  ((TSJ^2 + TIJ^2)^1/2 + DJ) / 2 + PE
    Total System Jitter     (TSJ):    0.050ns
    Total Input Jitter      (TIJ):    0.000ns
    Discrete Jitter          (DJ):    0.000ns
    Phase Error              (PE):    0.000ns

    Location             Delay type                Incr(ns)  Path(ns)    Netlist Resource(s)
  -------------------------------------------------------------------    -------------------
                         (clock clk rise edge)        0.000     0.000 r  
    Y9                                                0.000     0.000 r  clk (IN)
                         net (fo=0)                   0.000     0.000    clk
    Y9                   IBUF (Prop_ibuf_I_O)         0.258     0.258 r  clk_IBUF_inst/O
                         net (fo=1, routed)           0.663     0.921    clk_IBUF
    BUFGCTRL_X0Y0        BUFG (Prop_bufg_I_O)         0.026     0.947 r  clk_IBUF_BUFG_inst/O
                         net (fo=358, routed)         0.582     1.529    u_buck_pwm/clk_IBUF_BUFG
    SLICE_X61Y97         FDRE                                         r  u_buck_pwm/buck_out_reg/C
  -------------------------------------------------------------------    -------------------
    SLICE_X61Y97         FDRE (Prop_fdre_C_Q)         0.141     1.670 r  u_buck_pwm/buck_out_reg/Q
                         net (fo=1, routed)           2.300     3.970    buck_out_OBUF
    AA9                  OBUF (Prop_obuf_I_O)         1.278     5.248 r  buck_out_OBUF_inst/O
                         net (fo=0)                   0.000     5.248    buck_out
    AA9                                                               r  buck_out (OUT)
  -------------------------------------------------------------------    -------------------

Slack:                    inf
  Source:                 u_uart/u_tx/FSM_sequential_state_reg[0]/C
                            (rising edge-triggered cell FDRE clocked by clk  {rise@0.000ns fall@5.000ns period=10.000ns})
  Destination:            o_tx_busy
                            (output port)
  Path Group:             (none)
  Path Type:              Min at Fast Process Corner
  Data Path Delay:        3.664ns  (logic 1.472ns (40.188%)  route 2.191ns (59.812%))
  Logic Levels:           2  (LUT2=1 OBUF=1)
  Clock Uncertainty:      0.025ns  ((TSJ^2 + TIJ^2)^1/2 + DJ) / 2 + PE
    Total System Jitter     (TSJ):    0.050ns
    Total Input Jitter      (TIJ):    0.000ns
    Discrete Jitter          (DJ):    0.000ns
    Phase Error              (PE):    0.000ns

    Location             Delay type                Incr(ns)  Path(ns)    Netlist Resource(s)
  -------------------------------------------------------------------    -------------------
                         (clock clk rise edge)        0.000     0.000 r  
    Y9                                                0.000     0.000 r  clk (IN)
                         net (fo=0)                   0.000     0.000    clk
    Y9                   IBUF (Prop_ibuf_I_O)         0.258     0.258 r  clk_IBUF_inst/O
                         net (fo=1, routed)           0.663     0.921    clk_IBUF
    BUFGCTRL_X0Y0        BUFG (Prop_bufg_I_O)         0.026     0.947 r  clk_IBUF_BUFG_inst/O
                         net (fo=358, routed)         0.683     1.630    u_uart/u_tx/clk_IBUF_BUFG
    SLICE_X95Y130        FDRE                                         r  u_uart/u_tx/FSM_sequential_state_reg[0]/C
  -------------------------------------------------------------------    -------------------
    SLICE_X95Y130        FDRE (Prop_fdre_C_Q)         0.141     1.771 r  u_uart/u_tx/FSM_sequential_state_reg[0]/Q
                         net (fo=19, routed)          0.336     2.107    u_uart/u_tx/state[0]
    SLICE_X97Y129        LUT2 (Prop_lut2_I1_O)        0.046     2.153 r  u_uart/u_tx/o_tx_busy_OBUF_inst_i_1/O
                         net (fo=1, routed)           1.856     4.009    o_tx_busy_OBUF
    T22                  OBUF (Prop_obuf_I_O)         1.285     5.294 r  o_tx_busy_OBUF_inst/O
                         net (fo=0)                   0.000     5.294    o_tx_busy
    T22                                                               r  o_tx_busy (OUT)
  -------------------------------------------------------------------    -------------------

Slack:                    inf
  Source:                 u_uart/u_tx/tx_r_reg/C
                            (rising edge-triggered cell FDSE clocked by clk  {rise@0.000ns fall@5.000ns period=10.000ns})
  Destination:            o_tx
                            (output port)
  Path Group:             (none)
  Path Type:              Min at Fast Process Corner
  Data Path Delay:        3.892ns  (logic 1.480ns (38.010%)  route 2.413ns (61.990%))
  Logic Levels:           1  (OBUF=1)
  Clock Uncertainty:      0.025ns  ((TSJ^2 + TIJ^2)^1/2 + DJ) / 2 + PE
    Total System Jitter     (TSJ):    0.050ns
    Total Input Jitter      (TIJ):    0.000ns
    Discrete Jitter          (DJ):    0.000ns
    Phase Error              (PE):    0.000ns

    Location             Delay type                Incr(ns)  Path(ns)    Netlist Resource(s)
  -------------------------------------------------------------------    -------------------
                         (clock clk rise edge)        0.000     0.000 r  
    Y9                                                0.000     0.000 r  clk (IN)
                         net (fo=0)                   0.000     0.000    clk
    Y9                   IBUF (Prop_ibuf_I_O)         0.258     0.258 r  clk_IBUF_inst/O
                         net (fo=1, routed)           0.663     0.921    clk_IBUF
    BUFGCTRL_X0Y0        BUFG (Prop_bufg_I_O)         0.026     0.947 r  clk_IBUF_BUFG_inst/O
                         net (fo=358, routed)         0.677     1.624    u_uart/u_tx/clk_IBUF_BUFG
    SLICE_X90Y125        FDSE                                         r  u_uart/u_tx/tx_r_reg/C
  -------------------------------------------------------------------    -------------------
    SLICE_X90Y125        FDSE (Prop_fdse_C_Q)         0.164     1.788 r  u_uart/u_tx/tx_r_reg/Q
                         net (fo=1, routed)           2.413     4.201    o_tx_OBUF
    AA11                 OBUF (Prop_obuf_I_O)         1.316     5.517 r  o_tx_OBUF_inst/O
                         net (fo=0)                   0.000     5.517    o_tx
    AA11                                                              r  o_tx (OUT)
  -------------------------------------------------------------------    -------------------

Slack:                    inf
  Source:                 u_wave/pwm_out_reg/C
                            (rising edge-triggered cell FDRE clocked by clk  {rise@0.000ns fall@5.000ns period=10.000ns})
  Destination:            pwm_out
                            (output port)
  Path Group:             (none)
  Path Type:              Min at Fast Process Corner
  Data Path Delay:        4.320ns  (logic 1.459ns (33.769%)  route 2.861ns (66.231%))
  Logic Levels:           1  (OBUF=1)
  Clock Uncertainty:      0.025ns  ((TSJ^2 + TIJ^2)^1/2 + DJ) / 2 + PE
    Total System Jitter     (TSJ):    0.050ns
    Total Input Jitter      (TIJ):    0.000ns
    Discrete Jitter          (DJ):    0.000ns
    Phase Error              (PE):    0.000ns

    Location             Delay type                Incr(ns)  Path(ns)    Netlist Resource(s)
  -------------------------------------------------------------------    -------------------
                         (clock clk rise edge)        0.000     0.000 r  
    Y9                                                0.000     0.000 r  clk (IN)
                         net (fo=0)                   0.000     0.000    clk
    Y9                   IBUF (Prop_ibuf_I_O)         0.258     0.258 r  clk_IBUF_inst/O
                         net (fo=1, routed)           0.663     0.921    clk_IBUF
    BUFGCTRL_X0Y0        BUFG (Prop_bufg_I_O)         0.026     0.947 r  clk_IBUF_BUFG_inst/O
                         net (fo=358, routed)         0.661     1.608    u_wave/clk_IBUF_BUFG
    SLICE_X86Y132        FDRE                                         r  u_wave/pwm_out_reg/C
  -------------------------------------------------------------------    -------------------
    SLICE_X86Y132        FDRE (Prop_fdre_C_Q)         0.164     1.772 r  u_wave/pwm_out_reg/Q
                         net (fo=1, routed)           2.861     4.634    pwm_out_OBUF
    Y10                  OBUF (Prop_obuf_I_O)         1.295     5.928 r  pwm_out_OBUF_inst/O
                         net (fo=0)                   0.000     5.928    pwm_out
    Y10                                                               r  pwm_out (OUT)
  -------------------------------------------------------------------    -------------------





--------------------------------------------------------------------------------------
Path Group:  (none)
From Clock:  
  To Clock:  clk

Max Delay           361 Endpoints
Min Delay           361 Endpoints
--------------------------------------------------------------------------------------


Max Delay Paths
--------------------------------------------------------------------------------------
Slack:                    inf
  Source:                 reset
                            (input port)
  Destination:            u_uart/u_rx/shreg_reg[2]/D
                            (rising edge-triggered cell FDRE clocked by clk  {rise@0.000ns fall@5.000ns period=10.000ns})
  Path Group:             (none)
  Path Type:              Setup (Max at Slow Process Corner)
  Data Path Delay:        10.172ns  (logic 1.718ns (16.885%)  route 8.454ns (83.115%))
  Logic Levels:           3  (IBUF=1 LUT3=1 LUT5=1)
  Clock Path Skew:        5.199ns (DCD - SCD + CPR)
    Destination Clock Delay (DCD):    5.199ns
    Source Clock Delay      (SCD):    0.000ns
    Clock Pessimism Removal (CPR):    0.000ns
  Clock Uncertainty:      0.025ns  ((TSJ^2 + TIJ^2)^1/2 + DJ) / 2 + PE
    Total System Jitter     (TSJ):    0.050ns
    Total Input Jitter      (TIJ):    0.000ns
    Discrete Jitter          (DJ):    0.000ns
    Phase Error              (PE):    0.000ns

    Location             Delay type                Incr(ns)  Path(ns)    Netlist Resource(s)
  -------------------------------------------------------------------    -------------------
    T18                                               0.000     0.000 r  reset (IN)
                         net (fo=0)                   0.000     0.000    reset
    T18                  IBUF (Prop_ibuf_I_O)         1.470     1.470 r  reset_IBUF_inst/O
                         net (fo=219, routed)         7.938     9.407    u_uart/u_rx/reset_IBUF
    SLICE_X83Y134        LUT3 (Prop_lut3_I2_O)        0.124     9.531 r  u_uart/u_rx/shreg[3]_i_2/O
                         net (fo=4, routed)           0.517    10.048    u_uart/u_rx/shreg[3]_i_2_n_0
    SLICE_X83Y133        LUT5 (Prop_lut5_I3_O)        0.124    10.172 r  u_uart/u_rx/shreg[2]_i_1/O
                         net (fo=1, routed)           0.000    10.172    u_uart/u_rx/shreg[2]_i_1_n_0
    SLICE_X83Y133        FDRE                                         r  u_uart/u_rx/shreg_reg[2]/D
  -------------------------------------------------------------------    -------------------

                         (clock clk rise edge)        0.000     0.000 r  
    Y9                                                0.000     0.000 r  clk (IN)
                         net (fo=0)                   0.000     0.000    clk
    Y9                   IBUF (Prop_ibuf_I_O)         1.420     1.420 r  clk_IBUF_inst/O
                         net (fo=1, routed)           1.972     3.392    clk_IBUF
    BUFGCTRL_X0Y0        BUFG (Prop_bufg_I_O)         0.091     3.483 r  clk_IBUF_BUFG_inst/O
                         net (fo=358, routed)         1.716     5.199    u_uart/u_rx/clk_IBUF_BUFG
    SLICE_X83Y133        FDRE                                         r  u_uart/u_rx/shreg_reg[2]/C

Slack:                    inf
  Source:                 reset
                            (input port)
  Destination:            u_uart/u_rx/shreg_reg[3]/D
                            (rising edge-triggered cell FDRE clocked by clk  {rise@0.000ns fall@5.000ns period=10.000ns})
  Path Group:             (none)
  Path Type:              Setup (Max at Slow Process Corner)
  Data Path Delay:        10.169ns  (logic 1.718ns (16.890%)  route 8.451ns (83.110%))
  Logic Levels:           3  (IBUF=1 LUT3=1 LUT5=1)
  Clock Path Skew:        5.199ns (DCD - SCD + CPR)
    Destination Clock Delay (DCD):    5.199ns
    Source Clock Delay      (SCD):    0.000ns
    Clock Pessimism Removal (CPR):    0.000ns
  Clock Uncertainty:      0.025ns  ((TSJ^2 + TIJ^2)^1/2 + DJ) / 2 + PE
    Total System Jitter     (TSJ):    0.050ns
    Total Input Jitter      (TIJ):    0.000ns
    Discrete Jitter          (DJ):    0.000ns
    Phase Error              (PE):    0.000ns

    Location             Delay type                Incr(ns)  Path(ns)    Netlist Resource(s)
  -------------------------------------------------------------------    -------------------
    T18                                               0.000     0.000 r  reset (IN)
                         net (fo=0)                   0.000     0.000    reset
    T18                  IBUF (Prop_ibuf_I_O)         1.470     1.470 r  reset_IBUF_inst/O
                         net (fo=219, routed)         7.938     9.407    u_uart/u_rx/reset_IBUF
    SLICE_X83Y134        LUT3 (Prop_lut3_I2_O)        0.124     9.531 r  u_uart/u_rx/shreg[3]_i_2/O
                         net (fo=4, routed)           0.514    10.045    u_uart/u_rx/shreg[3]_i_2_n_0
    SLICE_X83Y133        LUT5 (Prop_lut5_I3_O)        0.124    10.169 r  u_uart/u_rx/shreg[3]_i_1/O
                         net (fo=1, routed)           0.000    10.169    u_uart/u_rx/shreg[3]_i_1_n_0
    SLICE_X83Y133        FDRE                                         r  u_uart/u_rx/shreg_reg[3]/D
  -------------------------------------------------------------------    -------------------

                         (clock clk rise edge)        0.000     0.000 r  
    Y9                                                0.000     0.000 r  clk (IN)
                         net (fo=0)                   0.000     0.000    clk
    Y9                   IBUF (Prop_ibuf_I_O)         1.420     1.420 r  clk_IBUF_inst/O
                         net (fo=1, routed)           1.972     3.392    clk_IBUF
    BUFGCTRL_X0Y0        BUFG (Prop_bufg_I_O)         0.091     3.483 r  clk_IBUF_BUFG_inst/O
                         net (fo=358, routed)         1.716     5.199    u_uart/u_rx/clk_IBUF_BUFG
    SLICE_X83Y133        FDRE                                         r  u_uart/u_rx/shreg_reg[3]/C

Slack:                    inf
  Source:                 reset
                            (input port)
  Destination:            u_uart/u_rx/shreg_reg[1]/D
                            (rising edge-triggered cell FDRE clocked by clk  {rise@0.000ns fall@5.000ns period=10.000ns})
  Path Group:             (none)
  Path Type:              Setup (Max at Slow Process Corner)
  Data Path Delay:        10.102ns  (logic 1.718ns (17.001%)  route 8.385ns (82.999%))
  Logic Levels:           3  (IBUF=1 LUT3=1 LUT5=1)
  Clock Path Skew:        5.199ns (DCD - SCD + CPR)
    Destination Clock Delay (DCD):    5.199ns
    Source Clock Delay      (SCD):    0.000ns
    Clock Pessimism Removal (CPR):    0.000ns
  Clock Uncertainty:      0.025ns  ((TSJ^2 + TIJ^2)^1/2 + DJ) / 2 + PE
    Total System Jitter     (TSJ):    0.050ns
    Total Input Jitter      (TIJ):    0.000ns
    Discrete Jitter          (DJ):    0.000ns
    Phase Error              (PE):    0.000ns

    Location             Delay type                Incr(ns)  Path(ns)    Netlist Resource(s)
  -------------------------------------------------------------------    -------------------
    T18                                               0.000     0.000 r  reset (IN)
                         net (fo=0)                   0.000     0.000    reset
    T18                  IBUF (Prop_ibuf_I_O)         1.470     1.470 r  reset_IBUF_inst/O
                         net (fo=219, routed)         7.938     9.407    u_uart/u_rx/reset_IBUF
    SLICE_X83Y134        LUT3 (Prop_lut3_I2_O)        0.124     9.531 r  u_uart/u_rx/shreg[3]_i_2/O
                         net (fo=4, routed)           0.447     9.978    u_uart/u_rx/shreg[3]_i_2_n_0
    SLICE_X84Y133        LUT5 (Prop_lut5_I3_O)        0.124    10.102 r  u_uart/u_rx/shreg[1]_i_1/O
                         net (fo=1, routed)           0.000    10.102    u_uart/u_rx/shreg[1]_i_1_n_0
    SLICE_X84Y133        FDRE                                         r  u_uart/u_rx/shreg_reg[1]/D
  -------------------------------------------------------------------    -------------------

                         (clock clk rise edge)        0.000     0.000 r  
    Y9                                                0.000     0.000 r  clk (IN)
                         net (fo=0)                   0.000     0.000    clk
    Y9                   IBUF (Prop_ibuf_I_O)         1.420     1.420 r  clk_IBUF_inst/O
                         net (fo=1, routed)           1.972     3.392    clk_IBUF
    BUFGCTRL_X0Y0        BUFG (Prop_bufg_I_O)         0.091     3.483 r  clk_IBUF_BUFG_inst/O
                         net (fo=358, routed)         1.716     5.199    u_uart/u_rx/clk_IBUF_BUFG
    SLICE_X84Y133        FDRE                                         r  u_uart/u_rx/shreg_reg[1]/C

Slack:                    inf
  Source:                 reset
                            (input port)
  Destination:            u_uart/u_rx/shreg_reg[0]/D
                            (rising edge-triggered cell FDRE clocked by clk  {rise@0.000ns fall@5.000ns period=10.000ns})
  Path Group:             (none)
  Path Type:              Setup (Max at Slow Process Corner)
  Data Path Delay:        10.079ns  (logic 1.718ns (17.041%)  route 8.362ns (82.959%))
  Logic Levels:           3  (IBUF=1 LUT3=1 LUT5=1)
  Clock Path Skew:        5.199ns (DCD - SCD + CPR)
    Destination Clock Delay (DCD):    5.199ns
    Source Clock Delay      (SCD):    0.000ns
    Clock Pessimism Removal (CPR):    0.000ns
  Clock Uncertainty:      0.025ns  ((TSJ^2 + TIJ^2)^1/2 + DJ) / 2 + PE
    Total System Jitter     (TSJ):    0.050ns
    Total Input Jitter      (TIJ):    0.000ns
    Discrete Jitter          (DJ):    0.000ns
    Phase Error              (PE):    0.000ns

    Location             Delay type                Incr(ns)  Path(ns)    Netlist Resource(s)
  -------------------------------------------------------------------    -------------------
    T18                                               0.000     0.000 r  reset (IN)
                         net (fo=0)                   0.000     0.000    reset
    T18                  IBUF (Prop_ibuf_I_O)         1.470     1.470 r  reset_IBUF_inst/O
                         net (fo=219, routed)         7.938     9.407    u_uart/u_rx/reset_IBUF
    SLICE_X83Y134        LUT3 (Prop_lut3_I2_O)        0.124     9.531 r  u_uart/u_rx/shreg[3]_i_2/O
                         net (fo=4, routed)           0.424     9.955    u_uart/u_rx/shreg[3]_i_2_n_0
    SLICE_X83Y133        LUT5 (Prop_lut5_I3_O)        0.124    10.079 r  u_uart/u_rx/shreg[0]_i_1/O
                         net (fo=1, routed)           0.000    10.079    u_uart/u_rx/shreg[0]_i_1_n_0
    SLICE_X83Y133        FDRE                                         r  u_uart/u_rx/shreg_reg[0]/D
  -------------------------------------------------------------------    -------------------

                         (clock clk rise edge)        0.000     0.000 r  
    Y9                                                0.000     0.000 r  clk (IN)
                         net (fo=0)                   0.000     0.000    clk
    Y9                   IBUF (Prop_ibuf_I_O)         1.420     1.420 r  clk_IBUF_inst/O
                         net (fo=1, routed)           1.972     3.392    clk_IBUF
    BUFGCTRL_X0Y0        BUFG (Prop_bufg_I_O)         0.091     3.483 r  clk_IBUF_BUFG_inst/O
                         net (fo=358, routed)         1.716     5.199    u_uart/u_rx/clk_IBUF_BUFG
    SLICE_X83Y133        FDRE                                         r  u_uart/u_rx/shreg_reg[0]/C

Slack:                    inf
  Source:                 reset
                            (input port)
  Destination:            u_uart/chk_reg_reg[0]/CE
                            (rising edge-triggered cell FDRE clocked by clk  {rise@0.000ns fall@5.000ns period=10.000ns})
  Path Group:             (none)
  Path Type:              Setup (Max at Slow Process Corner)
  Data Path Delay:        9.721ns  (logic 1.594ns (16.393%)  route 8.127ns (83.607%))
  Logic Levels:           2  (IBUF=1 LUT3=1)
  Clock Path Skew:        5.196ns (DCD - SCD + CPR)
    Destination Clock Delay (DCD):    5.196ns
    Source Clock Delay      (SCD):    0.000ns
    Clock Pessimism Removal (CPR):    0.000ns
  Clock Uncertainty:      0.025ns  ((TSJ^2 + TIJ^2)^1/2 + DJ) / 2 + PE
    Total System Jitter     (TSJ):    0.050ns
    Total Input Jitter      (TIJ):    0.000ns
    Discrete Jitter          (DJ):    0.000ns
    Phase Error              (PE):    0.000ns

    Location             Delay type                Incr(ns)  Path(ns)    Netlist Resource(s)
  -------------------------------------------------------------------    -------------------
    T18                                               0.000     0.000 f  reset (IN)
                         net (fo=0)                   0.000     0.000    reset
    T18                  IBUF (Prop_ibuf_I_O)         1.470     1.470 f  reset_IBUF_inst/O
                         net (fo=219, routed)         7.445     8.915    u_uart/u_rx/reset_IBUF
    SLICE_X82Y132        LUT3 (Prop_lut3_I2_O)        0.124     9.039 r  u_uart/u_rx/chk_reg[7]_i_1/O
                         net (fo=8, routed)           0.682     9.721    u_uart/u_rx_n_17
    SLICE_X82Y131        FDRE                                         r  u_uart/chk_reg_reg[0]/CE
  -------------------------------------------------------------------    -------------------

                         (clock clk rise edge)        0.000     0.000 r  
    Y9                                                0.000     0.000 r  clk (IN)
                         net (fo=0)                   0.000     0.000    clk
    Y9                   IBUF (Prop_ibuf_I_O)         1.420     1.420 r  clk_IBUF_inst/O
                         net (fo=1, routed)           1.972     3.392    clk_IBUF
    BUFGCTRL_X0Y0        BUFG (Prop_bufg_I_O)         0.091     3.483 r  clk_IBUF_BUFG_inst/O
                         net (fo=358, routed)         1.713     5.196    u_uart/clk_IBUF_BUFG
    SLICE_X82Y131        FDRE                                         r  u_uart/chk_reg_reg[0]/C

Slack:                    inf
  Source:                 reset
                            (input port)
  Destination:            u_uart/chk_reg_reg[5]/CE
                            (rising edge-triggered cell FDRE clocked by clk  {rise@0.000ns fall@5.000ns period=10.000ns})
  Path Group:             (none)
  Path Type:              Setup (Max at Slow Process Corner)
  Data Path Delay:        9.721ns  (logic 1.594ns (16.393%)  route 8.127ns (83.607%))
  Logic Levels:           2  (IBUF=1 LUT3=1)
  Clock Path Skew:        5.196ns (DCD - SCD + CPR)
    Destination Clock Delay (DCD):    5.196ns
    Source Clock Delay      (SCD):    0.000ns
    Clock Pessimism Removal (CPR):    0.000ns
  Clock Uncertainty:      0.025ns  ((TSJ^2 + TIJ^2)^1/2 + DJ) / 2 + PE
    Total System Jitter     (TSJ):    0.050ns
    Total Input Jitter      (TIJ):    0.000ns
    Discrete Jitter          (DJ):    0.000ns
    Phase Error              (PE):    0.000ns

    Location             Delay type                Incr(ns)  Path(ns)    Netlist Resource(s)
  -------------------------------------------------------------------    -------------------
    T18                                               0.000     0.000 f  reset (IN)
                         net (fo=0)                   0.000     0.000    reset
    T18                  IBUF (Prop_ibuf_I_O)         1.470     1.470 f  reset_IBUF_inst/O
                         net (fo=219, routed)         7.445     8.915    u_uart/u_rx/reset_IBUF
    SLICE_X82Y132        LUT3 (Prop_lut3_I2_O)        0.124     9.039 r  u_uart/u_rx/chk_reg[7]_i_1/O
                         net (fo=8, routed)           0.682     9.721    u_uart/u_rx_n_17
    SLICE_X82Y131        FDRE                                         r  u_uart/chk_reg_reg[5]/CE
  -------------------------------------------------------------------    -------------------

                         (clock clk rise edge)        0.000     0.000 r  
    Y9                                                0.000     0.000 r  clk (IN)
                         net (fo=0)                   0.000     0.000    clk
    Y9                   IBUF (Prop_ibuf_I_O)         1.420     1.420 r  clk_IBUF_inst/O
                         net (fo=1, routed)           1.972     3.392    clk_IBUF
    BUFGCTRL_X0Y0        BUFG (Prop_bufg_I_O)         0.091     3.483 r  clk_IBUF_BUFG_inst/O
                         net (fo=358, routed)         1.713     5.196    u_uart/clk_IBUF_BUFG
    SLICE_X82Y131        FDRE                                         r  u_uart/chk_reg_reg[5]/C

Slack:                    inf
  Source:                 reset
                            (input port)
  Destination:            u_uart/chk_reg_reg[6]/CE
                            (rising edge-triggered cell FDRE clocked by clk  {rise@0.000ns fall@5.000ns period=10.000ns})
  Path Group:             (none)
  Path Type:              Setup (Max at Slow Process Corner)
  Data Path Delay:        9.721ns  (logic 1.594ns (16.393%)  route 8.127ns (83.607%))
  Logic Levels:           2  (IBUF=1 LUT3=1)
  Clock Path Skew:        5.196ns (DCD - SCD + CPR)
    Destination Clock Delay (DCD):    5.196ns
    Source Clock Delay      (SCD):    0.000ns
    Clock Pessimism Removal (CPR):    0.000ns
  Clock Uncertainty:      0.025ns  ((TSJ^2 + TIJ^2)^1/2 + DJ) / 2 + PE
    Total System Jitter     (TSJ):    0.050ns
    Total Input Jitter      (TIJ):    0.000ns
    Discrete Jitter          (DJ):    0.000ns
    Phase Error              (PE):    0.000ns

    Location             Delay type                Incr(ns)  Path(ns)    Netlist Resource(s)
  -------------------------------------------------------------------    -------------------
    T18                                               0.000     0.000 f  reset (IN)
                         net (fo=0)                   0.000     0.000    reset
    T18                  IBUF (Prop_ibuf_I_O)         1.470     1.470 f  reset_IBUF_inst/O
                         net (fo=219, routed)         7.445     8.915    u_uart/u_rx/reset_IBUF
    SLICE_X82Y132        LUT3 (Prop_lut3_I2_O)        0.124     9.039 r  u_uart/u_rx/chk_reg[7]_i_1/O
                         net (fo=8, routed)           0.682     9.721    u_uart/u_rx_n_17
    SLICE_X82Y131        FDRE                                         r  u_uart/chk_reg_reg[6]/CE
  -------------------------------------------------------------------    -------------------

                         (clock clk rise edge)        0.000     0.000 r  
    Y9                                                0.000     0.000 r  clk (IN)
                         net (fo=0)                   0.000     0.000    clk
    Y9                   IBUF (Prop_ibuf_I_O)         1.420     1.420 r  clk_IBUF_inst/O
                         net (fo=1, routed)           1.972     3.392    clk_IBUF
    BUFGCTRL_X0Y0        BUFG (Prop_bufg_I_O)         0.091     3.483 r  clk_IBUF_BUFG_inst/O
                         net (fo=358, routed)         1.713     5.196    u_uart/clk_IBUF_BUFG
    SLICE_X82Y131        FDRE                                         r  u_uart/chk_reg_reg[6]/C

Slack:                    inf
  Source:                 reset
                            (input port)
  Destination:            u_uart/chk_reg_reg[7]/CE
                            (rising edge-triggered cell FDRE clocked by clk  {rise@0.000ns fall@5.000ns period=10.000ns})
  Path Group:             (none)
  Path Type:              Setup (Max at Slow Process Corner)
  Data Path Delay:        9.557ns  (logic 1.594ns (16.673%)  route 7.964ns (83.327%))
  Logic Levels:           2  (IBUF=1 LUT3=1)
  Clock Path Skew:        5.197ns (DCD - SCD + CPR)
    Destination Clock Delay (DCD):    5.197ns
    Source Clock Delay      (SCD):    0.000ns
    Clock Pessimism Removal (CPR):    0.000ns
  Clock Uncertainty:      0.025ns  ((TSJ^2 + TIJ^2)^1/2 + DJ) / 2 + PE
    Total System Jitter     (TSJ):    0.050ns
    Total Input Jitter      (TIJ):    0.000ns
    Discrete Jitter          (DJ):    0.000ns
    Phase Error              (PE):    0.000ns

    Location             Delay type                Incr(ns)  Path(ns)    Netlist Resource(s)
  -------------------------------------------------------------------    -------------------
    T18                                               0.000     0.000 f  reset (IN)
                         net (fo=0)                   0.000     0.000    reset
    T18                  IBUF (Prop_ibuf_I_O)         1.470     1.470 f  reset_IBUF_inst/O
                         net (fo=219, routed)         7.445     8.915    u_uart/u_rx/reset_IBUF
    SLICE_X82Y132        LUT3 (Prop_lut3_I2_O)        0.124     9.039 r  u_uart/u_rx/chk_reg[7]_i_1/O
                         net (fo=8, routed)           0.519     9.557    u_uart/u_rx_n_17
    SLICE_X81Y132        FDRE                                         r  u_uart/chk_reg_reg[7]/CE
  -------------------------------------------------------------------    -------------------

                         (clock clk rise edge)        0.000     0.000 r  
    Y9                                                0.000     0.000 r  clk (IN)
                         net (fo=0)                   0.000     0.000    clk
    Y9                   IBUF (Prop_ibuf_I_O)         1.420     1.420 r  clk_IBUF_inst/O
                         net (fo=1, routed)           1.972     3.392    clk_IBUF
    BUFGCTRL_X0Y0        BUFG (Prop_bufg_I_O)         0.091     3.483 r  clk_IBUF_BUFG_inst/O
                         net (fo=358, routed)         1.714     5.197    u_uart/clk_IBUF_BUFG
    SLICE_X81Y132        FDRE                                         r  u_uart/chk_reg_reg[7]/C

Slack:                    inf
  Source:                 reset
                            (input port)
  Destination:            u_uart/u_rx/shreg_reg[4]/D
                            (rising edge-triggered cell FDRE clocked by clk  {rise@0.000ns fall@5.000ns period=10.000ns})
  Path Group:             (none)
  Path Type:              Setup (Max at Slow Process Corner)
  Data Path Delay:        9.491ns  (logic 1.718ns (18.096%)  route 7.774ns (81.904%))
  Logic Levels:           3  (IBUF=1 LUT3=1 LUT5=1)
  Clock Path Skew:        5.199ns (DCD - SCD + CPR)
    Destination Clock Delay (DCD):    5.199ns
    Source Clock Delay      (SCD):    0.000ns
    Clock Pessimism Removal (CPR):    0.000ns
  Clock Uncertainty:      0.025ns  ((TSJ^2 + TIJ^2)^1/2 + DJ) / 2 + PE
    Total System Jitter     (TSJ):    0.050ns
    Total Input Jitter      (TIJ):    0.000ns
    Discrete Jitter          (DJ):    0.000ns
    Phase Error              (PE):    0.000ns

    Location             Delay type                Incr(ns)  Path(ns)    Netlist Resource(s)
  -------------------------------------------------------------------    -------------------
    T18                                               0.000     0.000 r  reset (IN)
                         net (fo=0)                   0.000     0.000    reset
    T18                  IBUF (Prop_ibuf_I_O)         1.470     1.470 r  reset_IBUF_inst/O
                         net (fo=219, routed)         7.313     8.783    u_uart/u_rx/reset_IBUF
    SLICE_X83Y133        LUT3 (Prop_lut3_I1_O)        0.124     8.907 r  u_uart/u_rx/shreg[6]_i_2/O
                         net (fo=3, routed)           0.460     9.367    u_uart/u_rx/shreg[6]_i_2_n_0
    SLICE_X84Y133        LUT5 (Prop_lut5_I3_O)        0.124     9.491 r  u_uart/u_rx/shreg[4]_i_1/O
                         net (fo=1, routed)           0.000     9.491    u_uart/u_rx/shreg[4]_i_1_n_0
    SLICE_X84Y133        FDRE                                         r  u_uart/u_rx/shreg_reg[4]/D
  -------------------------------------------------------------------    -------------------

                         (clock clk rise edge)        0.000     0.000 r  
    Y9                                                0.000     0.000 r  clk (IN)
                         net (fo=0)                   0.000     0.000    clk
    Y9                   IBUF (Prop_ibuf_I_O)         1.420     1.420 r  clk_IBUF_inst/O
                         net (fo=1, routed)           1.972     3.392    clk_IBUF
    BUFGCTRL_X0Y0        BUFG (Prop_bufg_I_O)         0.091     3.483 r  clk_IBUF_BUFG_inst/O
                         net (fo=358, routed)         1.716     5.199    u_uart/u_rx/clk_IBUF_BUFG
    SLICE_X84Y133        FDRE                                         r  u_uart/u_rx/shreg_reg[4]/C

Slack:                    inf
  Source:                 reset
                            (input port)
  Destination:            u_uart/u_rx/shreg_reg[5]/D
                            (rising edge-triggered cell FDRE clocked by clk  {rise@0.000ns fall@5.000ns period=10.000ns})
  Path Group:             (none)
  Path Type:              Setup (Max at Slow Process Corner)
  Data Path Delay:        9.464ns  (logic 1.718ns (18.148%)  route 7.747ns (81.852%))
  Logic Levels:           3  (IBUF=1 LUT3=1 LUT5=1)
  Clock Path Skew:        5.199ns (DCD - SCD + CPR)
    Destination Clock Delay (DCD):    5.199ns
    Source Clock Delay      (SCD):    0.000ns
    Clock Pessimism Removal (CPR):    0.000ns
  Clock Uncertainty:      0.025ns  ((TSJ^2 + TIJ^2)^1/2 + DJ) / 2 + PE
    Total System Jitter     (TSJ):    0.050ns
    Total Input Jitter      (TIJ):    0.000ns
    Discrete Jitter          (DJ):    0.000ns
    Phase Error              (PE):    0.000ns

    Location             Delay type                Incr(ns)  Path(ns)    Netlist Resource(s)
  -------------------------------------------------------------------    -------------------
    T18                                               0.000     0.000 r  reset (IN)
                         net (fo=0)                   0.000     0.000    reset
    T18                  IBUF (Prop_ibuf_I_O)         1.470     1.470 r  reset_IBUF_inst/O
                         net (fo=219, routed)         7.313     8.783    u_uart/u_rx/reset_IBUF
    SLICE_X83Y133        LUT3 (Prop_lut3_I1_O)        0.124     8.907 r  u_uart/u_rx/shreg[6]_i_2/O
                         net (fo=3, routed)           0.433     9.340    u_uart/u_rx/shreg[6]_i_2_n_0
    SLICE_X84Y133        LUT5 (Prop_lut5_I3_O)        0.124     9.464 r  u_uart/u_rx/shreg[5]_i_1/O
                         net (fo=1, routed)           0.000     9.464    u_uart/u_rx/shreg[5]_i_1_n_0
    SLICE_X84Y133        FDRE                                         r  u_uart/u_rx/shreg_reg[5]/D
  -------------------------------------------------------------------    -------------------

                         (clock clk rise edge)        0.000     0.000 r  
    Y9                                                0.000     0.000 r  clk (IN)
                         net (fo=0)                   0.000     0.000    clk
    Y9                   IBUF (Prop_ibuf_I_O)         1.420     1.420 r  clk_IBUF_inst/O
                         net (fo=1, routed)           1.972     3.392    clk_IBUF
    BUFGCTRL_X0Y0        BUFG (Prop_bufg_I_O)         0.091     3.483 r  clk_IBUF_BUFG_inst/O
                         net (fo=358, routed)         1.716     5.199    u_uart/u_rx/clk_IBUF_BUFG
    SLICE_X84Y133        FDRE                                         r  u_uart/u_rx/shreg_reg[5]/C





Min Delay Paths
--------------------------------------------------------------------------------------
Slack:                    inf
  Source:                 reset
                            (input port)
  Destination:            u_trigger/u_decimator/o_dec_output_reg[4]/R
                            (rising edge-triggered cell FDRE clocked by clk  {rise@0.000ns fall@5.000ns period=10.000ns})
  Path Group:             (none)
  Path Type:              Hold (Min at Fast Process Corner)
  Data Path Delay:        1.979ns  (logic 0.237ns (12.002%)  route 1.741ns (87.998%))
  Logic Levels:           1  (IBUF=1)
  Clock Path Skew:        2.119ns (DCD - SCD - CPR)
    Destination Clock Delay (DCD):    2.119ns
    Source Clock Delay      (SCD):    0.000ns
    Clock Pessimism Removal (CPR):    -0.000ns

    Location             Delay type                Incr(ns)  Path(ns)    Netlist Resource(s)
  -------------------------------------------------------------------    -------------------
    T18                                               0.000     0.000 r  reset (IN)
                         net (fo=0)                   0.000     0.000    reset
    T18                  IBUF (Prop_ibuf_I_O)         0.237     0.237 r  reset_IBUF_inst/O
                         net (fo=219, routed)         1.741     1.979    u_trigger/u_decimator/reset_IBUF
    SLICE_X86Y124        FDRE                                         r  u_trigger/u_decimator/o_dec_output_reg[4]/R
  -------------------------------------------------------------------    -------------------

                         (clock clk rise edge)        0.000     0.000 r  
    Y9                                                0.000     0.000 r  clk (IN)
                         net (fo=0)                   0.000     0.000    clk
    Y9                   IBUF (Prop_ibuf_I_O)         0.446     0.446 r  clk_IBUF_inst/O
                         net (fo=1, routed)           0.719     1.165    clk_IBUF
    BUFGCTRL_X0Y0        BUFG (Prop_bufg_I_O)         0.029     1.194 r  clk_IBUF_BUFG_inst/O
                         net (fo=358, routed)         0.925     2.119    u_trigger/u_decimator/clk_IBUF_BUFG
    SLICE_X86Y124        FDRE                                         r  u_trigger/u_decimator/o_dec_output_reg[4]/C

Slack:                    inf
  Source:                 reset
                            (input port)
  Destination:            u_trigger/u_decimator/o_dec_output_reg[5]/R
                            (rising edge-triggered cell FDRE clocked by clk  {rise@0.000ns fall@5.000ns period=10.000ns})
  Path Group:             (none)
  Path Type:              Hold (Min at Fast Process Corner)
  Data Path Delay:        1.979ns  (logic 0.237ns (12.002%)  route 1.741ns (87.998%))
  Logic Levels:           1  (IBUF=1)
  Clock Path Skew:        2.119ns (DCD - SCD - CPR)
    Destination Clock Delay (DCD):    2.119ns
    Source Clock Delay      (SCD):    0.000ns
    Clock Pessimism Removal (CPR):    -0.000ns

    Location             Delay type                Incr(ns)  Path(ns)    Netlist Resource(s)
  -------------------------------------------------------------------    -------------------
    T18                                               0.000     0.000 r  reset (IN)
                         net (fo=0)                   0.000     0.000    reset
    T18                  IBUF (Prop_ibuf_I_O)         0.237     0.237 r  reset_IBUF_inst/O
                         net (fo=219, routed)         1.741     1.979    u_trigger/u_decimator/reset_IBUF
    SLICE_X86Y124        FDRE                                         r  u_trigger/u_decimator/o_dec_output_reg[5]/R
  -------------------------------------------------------------------    -------------------

                         (clock clk rise edge)        0.000     0.000 r  
    Y9                                                0.000     0.000 r  clk (IN)
                         net (fo=0)                   0.000     0.000    clk
    Y9                   IBUF (Prop_ibuf_I_O)         0.446     0.446 r  clk_IBUF_inst/O
                         net (fo=1, routed)           0.719     1.165    clk_IBUF
    BUFGCTRL_X0Y0        BUFG (Prop_bufg_I_O)         0.029     1.194 r  clk_IBUF_BUFG_inst/O
                         net (fo=358, routed)         0.925     2.119    u_trigger/u_decimator/clk_IBUF_BUFG
    SLICE_X86Y124        FDRE                                         r  u_trigger/u_decimator/o_dec_output_reg[5]/C

Slack:                    inf
  Source:                 reset
                            (input port)
  Destination:            u_trigger/u_decimator/o_dec_output_reg[6]/R
                            (rising edge-triggered cell FDRE clocked by clk  {rise@0.000ns fall@5.000ns period=10.000ns})
  Path Group:             (none)
  Path Type:              Hold (Min at Fast Process Corner)
  Data Path Delay:        1.979ns  (logic 0.237ns (12.002%)  route 1.741ns (87.998%))
  Logic Levels:           1  (IBUF=1)
  Clock Path Skew:        2.119ns (DCD - SCD - CPR)
    Destination Clock Delay (DCD):    2.119ns
    Source Clock Delay      (SCD):    0.000ns
    Clock Pessimism Removal (CPR):    -0.000ns

    Location             Delay type                Incr(ns)  Path(ns)    Netlist Resource(s)
  -------------------------------------------------------------------    -------------------
    T18                                               0.000     0.000 r  reset (IN)
                         net (fo=0)                   0.000     0.000    reset
    T18                  IBUF (Prop_ibuf_I_O)         0.237     0.237 r  reset_IBUF_inst/O
                         net (fo=219, routed)         1.741     1.979    u_trigger/u_decimator/reset_IBUF
    SLICE_X86Y124        FDRE                                         r  u_trigger/u_decimator/o_dec_output_reg[6]/R
  -------------------------------------------------------------------    -------------------

                         (clock clk rise edge)        0.000     0.000 r  
    Y9                                                0.000     0.000 r  clk (IN)
                         net (fo=0)                   0.000     0.000    clk
    Y9                   IBUF (Prop_ibuf_I_O)         0.446     0.446 r  clk_IBUF_inst/O
                         net (fo=1, routed)           0.719     1.165    clk_IBUF
    BUFGCTRL_X0Y0        BUFG (Prop_bufg_I_O)         0.029     1.194 r  clk_IBUF_BUFG_inst/O
                         net (fo=358, routed)         0.925     2.119    u_trigger/u_decimator/clk_IBUF_BUFG
    SLICE_X86Y124        FDRE                                         r  u_trigger/u_decimator/o_dec_output_reg[6]/C

Slack:                    inf
  Source:                 reset
                            (input port)
  Destination:            u_trigger/u_decimator/o_dec_output_reg[7]/R
                            (rising edge-triggered cell FDRE clocked by clk  {rise@0.000ns fall@5.000ns period=10.000ns})
  Path Group:             (none)
  Path Type:              Hold (Min at Fast Process Corner)
  Data Path Delay:        1.979ns  (logic 0.237ns (12.002%)  route 1.741ns (87.998%))
  Logic Levels:           1  (IBUF=1)
  Clock Path Skew:        2.119ns (DCD - SCD - CPR)
    Destination Clock Delay (DCD):    2.119ns
    Source Clock Delay      (SCD):    0.000ns
    Clock Pessimism Removal (CPR):    -0.000ns

    Location             Delay type                Incr(ns)  Path(ns)    Netlist Resource(s)
  -------------------------------------------------------------------    -------------------
    T18                                               0.000     0.000 r  reset (IN)
                         net (fo=0)                   0.000     0.000    reset
    T18                  IBUF (Prop_ibuf_I_O)         0.237     0.237 r  reset_IBUF_inst/O
                         net (fo=219, routed)         1.741     1.979    u_trigger/u_decimator/reset_IBUF
    SLICE_X86Y124        FDRE                                         r  u_trigger/u_decimator/o_dec_output_reg[7]/R
  -------------------------------------------------------------------    -------------------

                         (clock clk rise edge)        0.000     0.000 r  
    Y9                                                0.000     0.000 r  clk (IN)
                         net (fo=0)                   0.000     0.000    clk
    Y9                   IBUF (Prop_ibuf_I_O)         0.446     0.446 r  clk_IBUF_inst/O
                         net (fo=1, routed)           0.719     1.165    clk_IBUF
    BUFGCTRL_X0Y0        BUFG (Prop_bufg_I_O)         0.029     1.194 r  clk_IBUF_BUFG_inst/O
                         net (fo=358, routed)         0.925     2.119    u_trigger/u_decimator/clk_IBUF_BUFG
    SLICE_X86Y124        FDRE                                         r  u_trigger/u_decimator/o_dec_output_reg[7]/C

Slack:                    inf
  Source:                 reset
                            (input port)
  Destination:            u_buck_pwm/clk_en_reg/R
                            (rising edge-triggered cell FDRE clocked by clk  {rise@0.000ns fall@5.000ns period=10.000ns})
  Path Group:             (none)
  Path Type:              Hold (Min at Fast Process Corner)
  Data Path Delay:        1.979ns  (logic 0.237ns (11.997%)  route 1.742ns (88.003%))
  Logic Levels:           1  (IBUF=1)
  Clock Path Skew:        2.045ns (DCD - SCD - CPR)
    Destination Clock Delay (DCD):    2.045ns
    Source Clock Delay      (SCD):    0.000ns
    Clock Pessimism Removal (CPR):    -0.000ns

    Location             Delay type                Incr(ns)  Path(ns)    Netlist Resource(s)
  -------------------------------------------------------------------    -------------------
    T18                                               0.000     0.000 r  reset (IN)
                         net (fo=0)                   0.000     0.000    reset
    T18                  IBUF (Prop_ibuf_I_O)         0.237     0.237 r  reset_IBUF_inst/O
                         net (fo=219, routed)         1.742     1.979    u_buck_pwm/reset_IBUF
    SLICE_X66Y97         FDRE                                         r  u_buck_pwm/clk_en_reg/R
  -------------------------------------------------------------------    -------------------

                         (clock clk rise edge)        0.000     0.000 r  
    Y9                                                0.000     0.000 r  clk (IN)
                         net (fo=0)                   0.000     0.000    clk
    Y9                   IBUF (Prop_ibuf_I_O)         0.446     0.446 r  clk_IBUF_inst/O
                         net (fo=1, routed)           0.719     1.165    clk_IBUF
    BUFGCTRL_X0Y0        BUFG (Prop_bufg_I_O)         0.029     1.194 r  clk_IBUF_BUFG_inst/O
                         net (fo=358, routed)         0.851     2.045    u_buck_pwm/clk_IBUF_BUFG
    SLICE_X66Y97         FDRE                                         r  u_buck_pwm/clk_en_reg/C

Slack:                    inf
  Source:                 reset
                            (input port)
  Destination:            u_buck_pwm/counter_reg[0]/R
                            (rising edge-triggered cell FDRE clocked by clk  {rise@0.000ns fall@5.000ns period=10.000ns})
  Path Group:             (none)
  Path Type:              Hold (Min at Fast Process Corner)
  Data Path Delay:        1.985ns  (logic 0.237ns (11.966%)  route 1.747ns (88.034%))
  Logic Levels:           1  (IBUF=1)
  Clock Path Skew:        2.045ns (DCD - SCD - CPR)
    Destination Clock Delay (DCD):    2.045ns
    Source Clock Delay      (SCD):    0.000ns
    Clock Pessimism Removal (CPR):    -0.000ns

    Location             Delay type                Incr(ns)  Path(ns)    Netlist Resource(s)
  -------------------------------------------------------------------    -------------------
    T18                                               0.000     0.000 r  reset (IN)
                         net (fo=0)                   0.000     0.000    reset
    T18                  IBUF (Prop_ibuf_I_O)         0.237     0.237 r  reset_IBUF_inst/O
                         net (fo=219, routed)         1.747     1.985    u_buck_pwm/reset_IBUF
    SLICE_X64Y97         FDRE                                         r  u_buck_pwm/counter_reg[0]/R
  -------------------------------------------------------------------    -------------------

                         (clock clk rise edge)        0.000     0.000 r  
    Y9                                                0.000     0.000 r  clk (IN)
                         net (fo=0)                   0.000     0.000    clk
    Y9                   IBUF (Prop_ibuf_I_O)         0.446     0.446 r  clk_IBUF_inst/O
                         net (fo=1, routed)           0.719     1.165    clk_IBUF
    BUFGCTRL_X0Y0        BUFG (Prop_bufg_I_O)         0.029     1.194 r  clk_IBUF_BUFG_inst/O
                         net (fo=358, routed)         0.851     2.045    u_buck_pwm/clk_IBUF_BUFG
    SLICE_X64Y97         FDRE                                         r  u_buck_pwm/counter_reg[0]/C

Slack:                    inf
  Source:                 reset
                            (input port)
  Destination:            u_buck_pwm/counter_reg[1]/R
                            (rising edge-triggered cell FDRE clocked by clk  {rise@0.000ns fall@5.000ns period=10.000ns})
  Path Group:             (none)
  Path Type:              Hold (Min at Fast Process Corner)
  Data Path Delay:        1.999ns  (logic 0.237ns (11.882%)  route 1.761ns (88.118%))
  Logic Levels:           1  (IBUF=1)
  Clock Path Skew:        2.045ns (DCD - SCD - CPR)
    Destination Clock Delay (DCD):    2.045ns
    Source Clock Delay      (SCD):    0.000ns
    Clock Pessimism Removal (CPR):    -0.000ns

    Location             Delay type                Incr(ns)  Path(ns)    Netlist Resource(s)
  -------------------------------------------------------------------    -------------------
    T18                                               0.000     0.000 r  reset (IN)
                         net (fo=0)                   0.000     0.000    reset
    T18                  IBUF (Prop_ibuf_I_O)         0.237     0.237 r  reset_IBUF_inst/O
                         net (fo=219, routed)         1.761     1.999    u_buck_pwm/reset_IBUF
    SLICE_X63Y97         FDRE                                         r  u_buck_pwm/counter_reg[1]/R
  -------------------------------------------------------------------    -------------------

                         (clock clk rise edge)        0.000     0.000 r  
    Y9                                                0.000     0.000 r  clk (IN)
                         net (fo=0)                   0.000     0.000    clk
    Y9                   IBUF (Prop_ibuf_I_O)         0.446     0.446 r  clk_IBUF_inst/O
                         net (fo=1, routed)           0.719     1.165    clk_IBUF
    BUFGCTRL_X0Y0        BUFG (Prop_bufg_I_O)         0.029     1.194 r  clk_IBUF_BUFG_inst/O
                         net (fo=358, routed)         0.851     2.045    u_buck_pwm/clk_IBUF_BUFG
    SLICE_X63Y97         FDRE                                         r  u_buck_pwm/counter_reg[1]/C

Slack:                    inf
  Source:                 reset
                            (input port)
  Destination:            u_buck_pwm/counter_reg[2]/R
                            (rising edge-triggered cell FDRE clocked by clk  {rise@0.000ns fall@5.000ns period=10.000ns})
  Path Group:             (none)
  Path Type:              Hold (Min at Fast Process Corner)
  Data Path Delay:        1.999ns  (logic 0.237ns (11.882%)  route 1.761ns (88.118%))
  Logic Levels:           1  (IBUF=1)
  Clock Path Skew:        2.045ns (DCD - SCD - CPR)
    Destination Clock Delay (DCD):    2.045ns
    Source Clock Delay      (SCD):    0.000ns
    Clock Pessimism Removal (CPR):    -0.000ns

    Location             Delay type                Incr(ns)  Path(ns)    Netlist Resource(s)
  -------------------------------------------------------------------    -------------------
    T18                                               0.000     0.000 r  reset (IN)
                         net (fo=0)                   0.000     0.000    reset
    T18                  IBUF (Prop_ibuf_I_O)         0.237     0.237 r  reset_IBUF_inst/O
                         net (fo=219, routed)         1.761     1.999    u_buck_pwm/reset_IBUF
    SLICE_X63Y97         FDRE                                         r  u_buck_pwm/counter_reg[2]/R
  -------------------------------------------------------------------    -------------------

                         (clock clk rise edge)        0.000     0.000 r  
    Y9                                                0.000     0.000 r  clk (IN)
                         net (fo=0)                   0.000     0.000    clk
    Y9                   IBUF (Prop_ibuf_I_O)         0.446     0.446 r  clk_IBUF_inst/O
                         net (fo=1, routed)           0.719     1.165    clk_IBUF
    BUFGCTRL_X0Y0        BUFG (Prop_bufg_I_O)         0.029     1.194 r  clk_IBUF_BUFG_inst/O
                         net (fo=358, routed)         0.851     2.045    u_buck_pwm/clk_IBUF_BUFG
    SLICE_X63Y97         FDRE                                         r  u_buck_pwm/counter_reg[2]/C

Slack:                    inf
  Source:                 reset
                            (input port)
  Destination:            u_buck_pwm/counter_reg[3]/R
                            (rising edge-triggered cell FDRE clocked by clk  {rise@0.000ns fall@5.000ns period=10.000ns})
  Path Group:             (none)
  Path Type:              Hold (Min at Fast Process Corner)
  Data Path Delay:        1.999ns  (logic 0.237ns (11.882%)  route 1.761ns (88.118%))
  Logic Levels:           1  (IBUF=1)
  Clock Path Skew:        2.045ns (DCD - SCD - CPR)
    Destination Clock Delay (DCD):    2.045ns
    Source Clock Delay      (SCD):    0.000ns
    Clock Pessimism Removal (CPR):    -0.000ns

    Location             Delay type                Incr(ns)  Path(ns)    Netlist Resource(s)
  -------------------------------------------------------------------    -------------------
    T18                                               0.000     0.000 r  reset (IN)
                         net (fo=0)                   0.000     0.000    reset
    T18                  IBUF (Prop_ibuf_I_O)         0.237     0.237 r  reset_IBUF_inst/O
                         net (fo=219, routed)         1.761     1.999    u_buck_pwm/reset_IBUF
    SLICE_X63Y97         FDRE                                         r  u_buck_pwm/counter_reg[3]/R
  -------------------------------------------------------------------    -------------------

                         (clock clk rise edge)        0.000     0.000 r  
    Y9                                                0.000     0.000 r  clk (IN)
                         net (fo=0)                   0.000     0.000    clk
    Y9                   IBUF (Prop_ibuf_I_O)         0.446     0.446 r  clk_IBUF_inst/O
                         net (fo=1, routed)           0.719     1.165    clk_IBUF
    BUFGCTRL_X0Y0        BUFG (Prop_bufg_I_O)         0.029     1.194 r  clk_IBUF_BUFG_inst/O
                         net (fo=358, routed)         0.851     2.045    u_buck_pwm/clk_IBUF_BUFG
    SLICE_X63Y97         FDRE                                         r  u_buck_pwm/counter_reg[3]/C

Slack:                    inf
  Source:                 reset
                            (input port)
  Destination:            u_buck_pwm/counter_reg[4]/R
                            (rising edge-triggered cell FDRE clocked by clk  {rise@0.000ns fall@5.000ns period=10.000ns})
  Path Group:             (none)
  Path Type:              Hold (Min at Fast Process Corner)
  Data Path Delay:        1.999ns  (logic 0.237ns (11.882%)  route 1.761ns (88.118%))
  Logic Levels:           1  (IBUF=1)
  Clock Path Skew:        2.045ns (DCD - SCD - CPR)
    Destination Clock Delay (DCD):    2.045ns
    Source Clock Delay      (SCD):    0.000ns
    Clock Pessimism Removal (CPR):    -0.000ns

    Location             Delay type                Incr(ns)  Path(ns)    Netlist Resource(s)
  -------------------------------------------------------------------    -------------------
    T18                                               0.000     0.000 r  reset (IN)
                         net (fo=0)                   0.000     0.000    reset
    T18                  IBUF (Prop_ibuf_I_O)         0.237     0.237 r  reset_IBUF_inst/O
                         net (fo=219, routed)         1.761     1.999    u_buck_pwm/reset_IBUF
    SLICE_X63Y97         FDRE                                         r  u_buck_pwm/counter_reg[4]/R
  -------------------------------------------------------------------    -------------------

                         (clock clk rise edge)        0.000     0.000 r  
    Y9                                                0.000     0.000 r  clk (IN)
                         net (fo=0)                   0.000     0.000    clk
    Y9                   IBUF (Prop_ibuf_I_O)         0.446     0.446 r  clk_IBUF_inst/O
                         net (fo=1, routed)           0.719     1.165    clk_IBUF
    BUFGCTRL_X0Y0        BUFG (Prop_bufg_I_O)         0.029     1.194 r  clk_IBUF_BUFG_inst/O
                         net (fo=358, routed)         0.851     2.045    u_buck_pwm/clk_IBUF_BUFG
    SLICE_X63Y97         FDRE                                         r  u_buck_pwm/counter_reg[4]/C





