Copyright 1986-2022 Xilinx, Inc. All Rights Reserved. Copyright 2022-2025 Advanced Micro Devices, Inc. All Rights Reserved.
------------------------------------------------------------------------------------------------------------------------------------------------------------------------------------------------------------------------------------------------------
| Tool Version : Vivado v.2025.2 (win64) Build 6299465 Fri Nov 14 19:35:11 GMT 2025
| Date         : Thu May 28 15:52:22 2026
| Host         : VITKO running 64-bit major release  (build 9200)
| Command      : report_timing_summary -max_paths 10 -routable_nets -report_unconstrained -file wave_generator_timing_summary_routed.rpt -pb wave_generator_timing_summary_routed.pb -rpx wave_generator_timing_summary_routed.rpx -warn_on_violation
| Design       : wave_generator
| Device       : 7z020-clg484
| Speed File   : -1  PRODUCTION 1.12 2019-11-22
| Design State : Routed
------------------------------------------------------------------------------------------------------------------------------------------------------------------------------------------------------------------------------------------------------

Timing Summary Report

------------------------------------------------------------------------------------------------
| Timer Settings
| --------------
------------------------------------------------------------------------------------------------

  Enable Multi Corner Analysis               :  Yes
  Enable Pessimism Removal                   :  Yes
  Pessimism Removal Resolution               :  Nearest Common Node
  Enable Input Delay Default Clock           :  No
  Enable Preset / Clear Arcs                 :  No
  Disable Flight Delays                      :  No
  Ignore I/O Paths                           :  No
  Timing Early Launch at Borrowing Latches   :  No
  Borrow Time for Max Delay Exceptions       :  Yes
  Merge Timing Exceptions                    :  Yes
  Inter-SLR Compensation                     :  Conservative

  Corner  Analyze    Analyze    
  Name    Max Paths  Min Paths  
  ------  ---------  ---------  
  Slow    Yes        Yes        
  Fast    Yes        Yes        


------------------------------------------------------------------------------------------------
| Report Methodology
| ------------------
------------------------------------------------------------------------------------------------

Rule       Severity  Description                    Violations  
---------  --------  -----------------------------  ----------  
TIMING-18  Warning   Missing input or output delay  9           

Note: This report is based on the most recent report_methodology run and may not be up-to-date. Run report_methodology on the current design for the latest report.



check_timing report

Table of Contents
-----------------
1. checking no_clock (0)
2. checking constant_clock (0)
3. checking pulse_width_clock (0)
4. checking unconstrained_internal_endpoints (0)
5. checking no_input_delay (8)
6. checking no_output_delay (1)
7. checking multiple_clock (0)
8. checking generated_clocks (0)
9. checking loops (0)
10. checking partial_input_delay (0)
11. checking partial_output_delay (0)
12. checking latch_loops (0)

1. checking no_clock (0)
------------------------
 There are 0 register/latch pins with no clock.


2. checking constant_clock (0)
------------------------------
 There are 0 register/latch pins with constant_clock.


3. checking pulse_width_clock (0)
---------------------------------
 There are 0 register/latch pins which need pulse_width check


4. checking unconstrained_internal_endpoints (0)
------------------------------------------------
 There are 0 pins that are not constrained for maximum delay.

 There are 0 pins that are not constrained for maximum delay due to constant clock.


5. checking no_input_delay (8)
------------------------------
 There are 8 input ports with no input delay specified. (HIGH)

 There are 0 input ports with no input delay but user has a false path constraint.


6. checking no_output_delay (1)
-------------------------------
 There is 1 port with no output delay specified. (HIGH)

 There are 0 ports with no output delay but user has a false path constraint

 There are 0 ports with no output delay but with a timing clock defined on it or propagating through it


7. checking multiple_clock (0)
------------------------------
 There are 0 register/latch pins with multiple clocks.


8. checking generated_clocks (0)
--------------------------------
 There are 0 generated clocks that are not connected to a clock source.


9. checking loops (0)
---------------------
 There are 0 combinational loops in the design.


10. checking partial_input_delay (0)
------------------------------------
 There are 0 input ports with partial input delay specified.


11. checking partial_output_delay (0)
-------------------------------------
 There are 0 ports with partial output delay specified.


12. checking latch_loops (0)
----------------------------
 There are 0 combinational latch loops in the design through latch input



------------------------------------------------------------------------------------------------
| Design Timing Summary
| ---------------------
------------------------------------------------------------------------------------------------

    WNS(ns)      TNS(ns)  TNS Failing Endpoints  TNS Total Endpoints      WHS(ns)      THS(ns)  THS Failing Endpoints  THS Total Endpoints     WPWS(ns)     TPWS(ns)  TPWS Failing Endpoints  TPWS Total Endpoints  
    -------      -------  ---------------------  -------------------      -------      -------  ---------------------  -------------------     --------     --------  ----------------------  --------------------  
      3.051        0.000                      0                   58        0.188        0.000                      0                   58        4.500        0.000                       0                    46  


All user specified timing constraints are met.


------------------------------------------------------------------------------------------------
| Clock Summary
| -------------
------------------------------------------------------------------------------------------------

Clock  Waveform(ns)       Period(ns)      Frequency(MHz)
-----  ------------       ----------      --------------
clk    {0.000 5.000}      10.000          100.000         


------------------------------------------------------------------------------------------------
| Intra Clock Table
| -----------------
------------------------------------------------------------------------------------------------

Clock             WNS(ns)      TNS(ns)  TNS Failing Endpoints  TNS Total Endpoints      WHS(ns)      THS(ns)  THS Failing Endpoints  THS Total Endpoints     WPWS(ns)     TPWS(ns)  TPWS Failing Endpoints  TPWS Total Endpoints  
-----             -------      -------  ---------------------  -------------------      -------      -------  ---------------------  -------------------     --------     --------  ----------------------  --------------------  
clk                 3.051        0.000                      0                   58        0.188        0.000                      0                   58        4.500        0.000                       0                    46  


------------------------------------------------------------------------------------------------
| Inter Clock Table
| -----------------
------------------------------------------------------------------------------------------------

From Clock    To Clock          WNS(ns)      TNS(ns)  TNS Failing Endpoints  TNS Total Endpoints      WHS(ns)      THS(ns)  THS Failing Endpoints  THS Total Endpoints  
----------    --------          -------      -------  ---------------------  -------------------      -------      -------  ---------------------  -------------------  


------------------------------------------------------------------------------------------------
| Other Path Groups Table
| -----------------------
------------------------------------------------------------------------------------------------

Path Group    From Clock    To Clock          WNS(ns)      TNS(ns)  TNS Failing Endpoints  TNS Total Endpoints      WHS(ns)      THS(ns)  THS Failing Endpoints  THS Total Endpoints  
----------    ----------    --------          -------      -------  ---------------------  -------------------      -------      -------  ---------------------  -------------------  


------------------------------------------------------------------------------------------------
| User Ignored Path Table
| -----------------------
------------------------------------------------------------------------------------------------

Path Group    From Clock    To Clock    
----------    ----------    --------    


------------------------------------------------------------------------------------------------
| Unconstrained Path Table
| ------------------------
------------------------------------------------------------------------------------------------

Path Group    From Clock    To Clock    
----------    ----------    --------    
(none)        clk                         
(none)                      clk           


------------------------------------------------------------------------------------------------
| Timing Details
| --------------
------------------------------------------------------------------------------------------------


---------------------------------------------------------------------------------------------------
From Clock:  clk
  To Clock:  clk

Setup :            0  Failing Endpoints,  Worst Slack        3.051ns,  Total Violation        0.000ns
Hold  :            0  Failing Endpoints,  Worst Slack        0.188ns,  Total Violation        0.000ns
PW    :            0  Failing Endpoints,  Worst Slack        4.500ns,  Total Violation        0.000ns
---------------------------------------------------------------------------------------------------


Max Delay Paths
--------------------------------------------------------------------------------------
Slack (MET) :             3.051ns  (required time - arrival time)
  Source:                 clk_div_max_reg[1]/C
                            (rising edge-triggered cell FDRE clocked by clk  {rise@0.000ns fall@5.000ns period=10.000ns})
  Destination:            div_counter_reg[10]/R
                            (rising edge-triggered cell FDRE clocked by clk  {rise@0.000ns fall@5.000ns period=10.000ns})
  Path Group:             clk
  Path Type:              Setup (Max at Slow Process Corner)
  Requirement:            10.000ns  (clk rise@10.000ns - clk rise@0.000ns)
  Data Path Delay:        6.421ns  (logic 3.078ns (47.933%)  route 3.343ns (52.067%))
  Logic Levels:           7  (CARRY4=4 LUT1=1 LUT2=1 LUT4=1)
  Clock Path Skew:        -0.063ns (DCD - SCD + CPR)
    Destination Clock Delay (DCD):    5.346ns = ( 15.346 - 10.000 ) 
    Source Clock Delay      (SCD):    5.820ns
    Clock Pessimism Removal (CPR):    0.412ns
  Clock Uncertainty:      0.035ns  ((TSJ^2 + TIJ^2)^1/2 + DJ) / 2 + PE
    Total System Jitter     (TSJ):    0.071ns
    Total Input Jitter      (TIJ):    0.000ns
    Discrete Jitter          (DJ):    0.000ns
    Phase Error              (PE):    0.000ns

    Location             Delay type                Incr(ns)  Path(ns)    Netlist Resource(s)
  -------------------------------------------------------------------    -------------------
                         (clock clk rise edge)        0.000     0.000 r  
    Y9                                                0.000     0.000 r  clk (IN)
                         net (fo=0)                   0.000     0.000    clk
    Y9                   IBUF (Prop_ibuf_I_O)         1.490     1.490 r  clk_IBUF_inst/O
                         net (fo=1, routed)           2.171     3.661    clk_IBUF
    BUFGCTRL_X0Y0        BUFG (Prop_bufg_I_O)         0.101     3.762 r  clk_IBUF_BUFG_inst/O
                         net (fo=45, routed)          2.058     5.820    clk_IBUF_BUFG
    SLICE_X108Y103       FDRE                                         r  clk_div_max_reg[1]/C
  -------------------------------------------------------------------    -------------------
    SLICE_X108Y103       FDRE (Prop_fdre_C_Q)         0.478     6.298 f  clk_div_max_reg[1]/Q
                         net (fo=2, routed)           0.625     6.924    clk_div_max_reg_n_0_[1]
    SLICE_X109Y103       LUT1 (Prop_lut1_I0_O)        0.295     7.219 r  clk_en_i_23/O
                         net (fo=1, routed)           0.000     7.219    clk_en_i_23_n_0
    SLICE_X109Y103       CARRY4 (Prop_carry4_S[0]_CO[3])
                                                      0.532     7.751 r  clk_en_reg_i_17/CO[3]
                         net (fo=3, routed)           0.848     8.599    clk_en_reg_i_17_n_0
    SLICE_X113Y103       CARRY4 (Prop_carry4_CYINIT_O[2])
                                                      0.584     9.183 r  clk_en_reg_i_16/O[2]
                         net (fo=2, routed)           0.814     9.997    clk_en1[6]
    SLICE_X112Y103       LUT4 (Prop_lut4_I1_O)        0.302    10.299 r  clk_en_i_11/O
                         net (fo=1, routed)           0.000    10.299    clk_en_i_11_n_0
    SLICE_X112Y103       CARRY4 (Prop_carry4_S[3]_CO[3])
                                                      0.376    10.675 r  clk_en_reg_i_2/CO[3]
                         net (fo=1, routed)           0.000    10.675    clk_en_reg_i_2_n_0
    SLICE_X112Y104       CARRY4 (Prop_carry4_CI_CO[1])
                                                      0.179    10.854 r  clk_en_reg_i_1/CO[1]
                         net (fo=2, routed)           0.418    11.272    clk_en_reg_i_1_n_2
    SLICE_X110Y104       LUT2 (Prop_lut2_I0_O)        0.332    11.604 r  div_counter[0]_i_1/O
                         net (fo=12, routed)          0.638    12.242    div_counter[0]_i_1_n_0
    SLICE_X111Y104       FDRE                                         r  div_counter_reg[10]/R
  -------------------------------------------------------------------    -------------------

                         (clock clk rise edge)       10.000    10.000 r  
    Y9                                                0.000    10.000 r  clk (IN)
                         net (fo=0)                   0.000    10.000    clk
    Y9                   IBUF (Prop_ibuf_I_O)         1.420    11.420 r  clk_IBUF_inst/O
                         net (fo=1, routed)           1.972    13.392    clk_IBUF
    BUFGCTRL_X0Y0        BUFG (Prop_bufg_I_O)         0.091    13.483 r  clk_IBUF_BUFG_inst/O
                         net (fo=45, routed)          1.863    15.346    clk_IBUF_BUFG
    SLICE_X111Y104       FDRE                                         r  div_counter_reg[10]/C
                         clock pessimism              0.412    15.757    
                         clock uncertainty           -0.035    15.722    
    SLICE_X111Y104       FDRE (Setup_fdre_C_R)       -0.429    15.293    div_counter_reg[10]
  -------------------------------------------------------------------
                         required time                         15.293    
                         arrival time                         -12.242    
  -------------------------------------------------------------------
                         slack                                  3.051    

Slack (MET) :             3.051ns  (required time - arrival time)
  Source:                 clk_div_max_reg[1]/C
                            (rising edge-triggered cell FDRE clocked by clk  {rise@0.000ns fall@5.000ns period=10.000ns})
  Destination:            div_counter_reg[11]/R
                            (rising edge-triggered cell FDRE clocked by clk  {rise@0.000ns fall@5.000ns period=10.000ns})
  Path Group:             clk
  Path Type:              Setup (Max at Slow Process Corner)
  Requirement:            10.000ns  (clk rise@10.000ns - clk rise@0.000ns)
  Data Path Delay:        6.421ns  (logic 3.078ns (47.933%)  route 3.343ns (52.067%))
  Logic Levels:           7  (CARRY4=4 LUT1=1 LUT2=1 LUT4=1)
  Clock Path Skew:        -0.063ns (DCD - SCD + CPR)
    Destination Clock Delay (DCD):    5.346ns = ( 15.346 - 10.000 ) 
    Source Clock Delay      (SCD):    5.820ns
    Clock Pessimism Removal (CPR):    0.412ns
  Clock Uncertainty:      0.035ns  ((TSJ^2 + TIJ^2)^1/2 + DJ) / 2 + PE
    Total System Jitter     (TSJ):    0.071ns
    Total Input Jitter      (TIJ):    0.000ns
    Discrete Jitter          (DJ):    0.000ns
    Phase Error              (PE):    0.000ns

    Location             Delay type                Incr(ns)  Path(ns)    Netlist Resource(s)
  -------------------------------------------------------------------    -------------------
                         (clock clk rise edge)        0.000     0.000 r  
    Y9                                                0.000     0.000 r  clk (IN)
                         net (fo=0)                   0.000     0.000    clk
    Y9                   IBUF (Prop_ibuf_I_O)         1.490     1.490 r  clk_IBUF_inst/O
                         net (fo=1, routed)           2.171     3.661    clk_IBUF
    BUFGCTRL_X0Y0        BUFG (Prop_bufg_I_O)         0.101     3.762 r  clk_IBUF_BUFG_inst/O
                         net (fo=45, routed)          2.058     5.820    clk_IBUF_BUFG
    SLICE_X108Y103       FDRE                                         r  clk_div_max_reg[1]/C
  -------------------------------------------------------------------    -------------------
    SLICE_X108Y103       FDRE (Prop_fdre_C_Q)         0.478     6.298 f  clk_div_max_reg[1]/Q
                         net (fo=2, routed)           0.625     6.924    clk_div_max_reg_n_0_[1]
    SLICE_X109Y103       LUT1 (Prop_lut1_I0_O)        0.295     7.219 r  clk_en_i_23/O
                         net (fo=1, routed)           0.000     7.219    clk_en_i_23_n_0
    SLICE_X109Y103       CARRY4 (Prop_carry4_S[0]_CO[3])
                                                      0.532     7.751 r  clk_en_reg_i_17/CO[3]
                         net (fo=3, routed)           0.848     8.599    clk_en_reg_i_17_n_0
    SLICE_X113Y103       CARRY4 (Prop_carry4_CYINIT_O[2])
                                                      0.584     9.183 r  clk_en_reg_i_16/O[2]
                         net (fo=2, routed)           0.814     9.997    clk_en1[6]
    SLICE_X112Y103       LUT4 (Prop_lut4_I1_O)        0.302    10.299 r  clk_en_i_11/O
                         net (fo=1, routed)           0.000    10.299    clk_en_i_11_n_0
    SLICE_X112Y103       CARRY4 (Prop_carry4_S[3]_CO[3])
                                                      0.376    10.675 r  clk_en_reg_i_2/CO[3]
                         net (fo=1, routed)           0.000    10.675    clk_en_reg_i_2_n_0
    SLICE_X112Y104       CARRY4 (Prop_carry4_CI_CO[1])
                                                      0.179    10.854 r  clk_en_reg_i_1/CO[1]
                         net (fo=2, routed)           0.418    11.272    clk_en_reg_i_1_n_2
    SLICE_X110Y104       LUT2 (Prop_lut2_I0_O)        0.332    11.604 r  div_counter[0]_i_1/O
                         net (fo=12, routed)          0.638    12.242    div_counter[0]_i_1_n_0
    SLICE_X111Y104       FDRE                                         r  div_counter_reg[11]/R
  -------------------------------------------------------------------    -------------------

                         (clock clk rise edge)       10.000    10.000 r  
    Y9                                                0.000    10.000 r  clk (IN)
                         net (fo=0)                   0.000    10.000    clk
    Y9                   IBUF (Prop_ibuf_I_O)         1.420    11.420 r  clk_IBUF_inst/O
                         net (fo=1, routed)           1.972    13.392    clk_IBUF
    BUFGCTRL_X0Y0        BUFG (Prop_bufg_I_O)         0.091    13.483 r  clk_IBUF_BUFG_inst/O
                         net (fo=45, routed)          1.863    15.346    clk_IBUF_BUFG
    SLICE_X111Y104       FDRE                                         r  div_counter_reg[11]/C
                         clock pessimism              0.412    15.757    
                         clock uncertainty           -0.035    15.722    
    SLICE_X111Y104       FDRE (Setup_fdre_C_R)       -0.429    15.293    div_counter_reg[11]
  -------------------------------------------------------------------
                         required time                         15.293    
                         arrival time                         -12.242    
  -------------------------------------------------------------------
                         slack                                  3.051    

Slack (MET) :             3.051ns  (required time - arrival time)
  Source:                 clk_div_max_reg[1]/C
                            (rising edge-triggered cell FDRE clocked by clk  {rise@0.000ns fall@5.000ns period=10.000ns})
  Destination:            div_counter_reg[8]/R
                            (rising edge-triggered cell FDRE clocked by clk  {rise@0.000ns fall@5.000ns period=10.000ns})
  Path Group:             clk
  Path Type:              Setup (Max at Slow Process Corner)
  Requirement:            10.000ns  (clk rise@10.000ns - clk rise@0.000ns)
  Data Path Delay:        6.421ns  (logic 3.078ns (47.933%)  route 3.343ns (52.067%))
  Logic Levels:           7  (CARRY4=4 LUT1=1 LUT2=1 LUT4=1)
  Clock Path Skew:        -0.063ns (DCD - SCD + CPR)
    Destination Clock Delay (DCD):    5.346ns = ( 15.346 - 10.000 ) 
    Source Clock Delay      (SCD):    5.820ns
    Clock Pessimism Removal (CPR):    0.412ns
  Clock Uncertainty:      0.035ns  ((TSJ^2 + TIJ^2)^1/2 + DJ) / 2 + PE
    Total System Jitter     (TSJ):    0.071ns
    Total Input Jitter      (TIJ):    0.000ns
    Discrete Jitter          (DJ):    0.000ns
    Phase Error              (PE):    0.000ns

    Location             Delay type                Incr(ns)  Path(ns)    Netlist Resource(s)
  -------------------------------------------------------------------    -------------------
                         (clock clk rise edge)        0.000     0.000 r  
    Y9                                                0.000     0.000 r  clk (IN)
                         net (fo=0)                   0.000     0.000    clk
    Y9                   IBUF (Prop_ibuf_I_O)         1.490     1.490 r  clk_IBUF_inst/O
                         net (fo=1, routed)           2.171     3.661    clk_IBUF
    BUFGCTRL_X0Y0        BUFG (Prop_bufg_I_O)         0.101     3.762 r  clk_IBUF_BUFG_inst/O
                         net (fo=45, routed)          2.058     5.820    clk_IBUF_BUFG
    SLICE_X108Y103       FDRE                                         r  clk_div_max_reg[1]/C
  -------------------------------------------------------------------    -------------------
    SLICE_X108Y103       FDRE (Prop_fdre_C_Q)         0.478     6.298 f  clk_div_max_reg[1]/Q
                         net (fo=2, routed)           0.625     6.924    clk_div_max_reg_n_0_[1]
    SLICE_X109Y103       LUT1 (Prop_lut1_I0_O)        0.295     7.219 r  clk_en_i_23/O
                         net (fo=1, routed)           0.000     7.219    clk_en_i_23_n_0
    SLICE_X109Y103       CARRY4 (Prop_carry4_S[0]_CO[3])
                                                      0.532     7.751 r  clk_en_reg_i_17/CO[3]
                         net (fo=3, routed)           0.848     8.599    clk_en_reg_i_17_n_0
    SLICE_X113Y103       CARRY4 (Prop_carry4_CYINIT_O[2])
                                                      0.584     9.183 r  clk_en_reg_i_16/O[2]
                         net (fo=2, routed)           0.814     9.997    clk_en1[6]
    SLICE_X112Y103       LUT4 (Prop_lut4_I1_O)        0.302    10.299 r  clk_en_i_11/O
                         net (fo=1, routed)           0.000    10.299    clk_en_i_11_n_0
    SLICE_X112Y103       CARRY4 (Prop_carry4_S[3]_CO[3])
                                                      0.376    10.675 r  clk_en_reg_i_2/CO[3]
                         net (fo=1, routed)           0.000    10.675    clk_en_reg_i_2_n_0
    SLICE_X112Y104       CARRY4 (Prop_carry4_CI_CO[1])
                                                      0.179    10.854 r  clk_en_reg_i_1/CO[1]
                         net (fo=2, routed)           0.418    11.272    clk_en_reg_i_1_n_2
    SLICE_X110Y104       LUT2 (Prop_lut2_I0_O)        0.332    11.604 r  div_counter[0]_i_1/O
                         net (fo=12, routed)          0.638    12.242    div_counter[0]_i_1_n_0
    SLICE_X111Y104       FDRE                                         r  div_counter_reg[8]/R
  -------------------------------------------------------------------    -------------------

                         (clock clk rise edge)       10.000    10.000 r  
    Y9                                                0.000    10.000 r  clk (IN)
                         net (fo=0)                   0.000    10.000    clk
    Y9                   IBUF (Prop_ibuf_I_O)         1.420    11.420 r  clk_IBUF_inst/O
                         net (fo=1, routed)           1.972    13.392    clk_IBUF
    BUFGCTRL_X0Y0        BUFG (Prop_bufg_I_O)         0.091    13.483 r  clk_IBUF_BUFG_inst/O
                         net (fo=45, routed)          1.863    15.346    clk_IBUF_BUFG
    SLICE_X111Y104       FDRE                                         r  div_counter_reg[8]/C
                         clock pessimism              0.412    15.757    
                         clock uncertainty           -0.035    15.722    
    SLICE_X111Y104       FDRE (Setup_fdre_C_R)       -0.429    15.293    div_counter_reg[8]
  -------------------------------------------------------------------
                         required time                         15.293    
                         arrival time                         -12.242    
  -------------------------------------------------------------------
                         slack                                  3.051    

Slack (MET) :             3.051ns  (required time - arrival time)
  Source:                 clk_div_max_reg[1]/C
                            (rising edge-triggered cell FDRE clocked by clk  {rise@0.000ns fall@5.000ns period=10.000ns})
  Destination:            div_counter_reg[9]/R
                            (rising edge-triggered cell FDRE clocked by clk  {rise@0.000ns fall@5.000ns period=10.000ns})
  Path Group:             clk
  Path Type:              Setup (Max at Slow Process Corner)
  Requirement:            10.000ns  (clk rise@10.000ns - clk rise@0.000ns)
  Data Path Delay:        6.421ns  (logic 3.078ns (47.933%)  route 3.343ns (52.067%))
  Logic Levels:           7  (CARRY4=4 LUT1=1 LUT2=1 LUT4=1)
  Clock Path Skew:        -0.063ns (DCD - SCD + CPR)
    Destination Clock Delay (DCD):    5.346ns = ( 15.346 - 10.000 ) 
    Source Clock Delay      (SCD):    5.820ns
    Clock Pessimism Removal (CPR):    0.412ns
  Clock Uncertainty:      0.035ns  ((TSJ^2 + TIJ^2)^1/2 + DJ) / 2 + PE
    Total System Jitter     (TSJ):    0.071ns
    Total Input Jitter      (TIJ):    0.000ns
    Discrete Jitter          (DJ):    0.000ns
    Phase Error              (PE):    0.000ns

    Location             Delay type                Incr(ns)  Path(ns)    Netlist Resource(s)
  -------------------------------------------------------------------    -------------------
                         (clock clk rise edge)        0.000     0.000 r  
    Y9                                                0.000     0.000 r  clk (IN)
                         net (fo=0)                   0.000     0.000    clk
    Y9                   IBUF (Prop_ibuf_I_O)         1.490     1.490 r  clk_IBUF_inst/O
                         net (fo=1, routed)           2.171     3.661    clk_IBUF
    BUFGCTRL_X0Y0        BUFG (Prop_bufg_I_O)         0.101     3.762 r  clk_IBUF_BUFG_inst/O
                         net (fo=45, routed)          2.058     5.820    clk_IBUF_BUFG
    SLICE_X108Y103       FDRE                                         r  clk_div_max_reg[1]/C
  -------------------------------------------------------------------    -------------------
    SLICE_X108Y103       FDRE (Prop_fdre_C_Q)         0.478     6.298 f  clk_div_max_reg[1]/Q
                         net (fo=2, routed)           0.625     6.924    clk_div_max_reg_n_0_[1]
    SLICE_X109Y103       LUT1 (Prop_lut1_I0_O)        0.295     7.219 r  clk_en_i_23/O
                         net (fo=1, routed)           0.000     7.219    clk_en_i_23_n_0
    SLICE_X109Y103       CARRY4 (Prop_carry4_S[0]_CO[3])
                                                      0.532     7.751 r  clk_en_reg_i_17/CO[3]
                         net (fo=3, routed)           0.848     8.599    clk_en_reg_i_17_n_0
    SLICE_X113Y103       CARRY4 (Prop_carry4_CYINIT_O[2])
                                                      0.584     9.183 r  clk_en_reg_i_16/O[2]
                         net (fo=2, routed)           0.814     9.997    clk_en1[6]
    SLICE_X112Y103       LUT4 (Prop_lut4_I1_O)        0.302    10.299 r  clk_en_i_11/O
                         net (fo=1, routed)           0.000    10.299    clk_en_i_11_n_0
    SLICE_X112Y103       CARRY4 (Prop_carry4_S[3]_CO[3])
                                                      0.376    10.675 r  clk_en_reg_i_2/CO[3]
                         net (fo=1, routed)           0.000    10.675    clk_en_reg_i_2_n_0
    SLICE_X112Y104       CARRY4 (Prop_carry4_CI_CO[1])
                                                      0.179    10.854 r  clk_en_reg_i_1/CO[1]
                         net (fo=2, routed)           0.418    11.272    clk_en_reg_i_1_n_2
    SLICE_X110Y104       LUT2 (Prop_lut2_I0_O)        0.332    11.604 r  div_counter[0]_i_1/O
                         net (fo=12, routed)          0.638    12.242    div_counter[0]_i_1_n_0
    SLICE_X111Y104       FDRE                                         r  div_counter_reg[9]/R
  -------------------------------------------------------------------    -------------------

                         (clock clk rise edge)       10.000    10.000 r  
    Y9                                                0.000    10.000 r  clk (IN)
                         net (fo=0)                   0.000    10.000    clk
    Y9                   IBUF (Prop_ibuf_I_O)         1.420    11.420 r  clk_IBUF_inst/O
                         net (fo=1, routed)           1.972    13.392    clk_IBUF
    BUFGCTRL_X0Y0        BUFG (Prop_bufg_I_O)         0.091    13.483 r  clk_IBUF_BUFG_inst/O
                         net (fo=45, routed)          1.863    15.346    clk_IBUF_BUFG
    SLICE_X111Y104       FDRE                                         r  div_counter_reg[9]/C
                         clock pessimism              0.412    15.757    
                         clock uncertainty           -0.035    15.722    
    SLICE_X111Y104       FDRE (Setup_fdre_C_R)       -0.429    15.293    div_counter_reg[9]
  -------------------------------------------------------------------
                         required time                         15.293    
                         arrival time                         -12.242    
  -------------------------------------------------------------------
                         slack                                  3.051    

Slack (MET) :             3.151ns  (required time - arrival time)
  Source:                 clk_div_max_reg[1]/C
                            (rising edge-triggered cell FDRE clocked by clk  {rise@0.000ns fall@5.000ns period=10.000ns})
  Destination:            div_counter_reg[0]/R
                            (rising edge-triggered cell FDRE clocked by clk  {rise@0.000ns fall@5.000ns period=10.000ns})
  Path Group:             clk
  Path Type:              Setup (Max at Slow Process Corner)
  Requirement:            10.000ns  (clk rise@10.000ns - clk rise@0.000ns)
  Data Path Delay:        6.322ns  (logic 3.078ns (48.686%)  route 3.244ns (51.314%))
  Logic Levels:           7  (CARRY4=4 LUT1=1 LUT2=1 LUT4=1)
  Clock Path Skew:        -0.062ns (DCD - SCD + CPR)
    Destination Clock Delay (DCD):    5.347ns = ( 15.347 - 10.000 ) 
    Source Clock Delay      (SCD):    5.820ns
    Clock Pessimism Removal (CPR):    0.412ns
  Clock Uncertainty:      0.035ns  ((TSJ^2 + TIJ^2)^1/2 + DJ) / 2 + PE
    Total System Jitter     (TSJ):    0.071ns
    Total Input Jitter      (TIJ):    0.000ns
    Discrete Jitter          (DJ):    0.000ns
    Phase Error              (PE):    0.000ns

    Location             Delay type                Incr(ns)  Path(ns)    Netlist Resource(s)
  -------------------------------------------------------------------    -------------------
                         (clock clk rise edge)        0.000     0.000 r  
    Y9                                                0.000     0.000 r  clk (IN)
                         net (fo=0)                   0.000     0.000    clk
    Y9                   IBUF (Prop_ibuf_I_O)         1.490     1.490 r  clk_IBUF_inst/O
                         net (fo=1, routed)           2.171     3.661    clk_IBUF
    BUFGCTRL_X0Y0        BUFG (Prop_bufg_I_O)         0.101     3.762 r  clk_IBUF_BUFG_inst/O
                         net (fo=45, routed)          2.058     5.820    clk_IBUF_BUFG
    SLICE_X108Y103       FDRE                                         r  clk_div_max_reg[1]/C
  -------------------------------------------------------------------    -------------------
    SLICE_X108Y103       FDRE (Prop_fdre_C_Q)         0.478     6.298 f  clk_div_max_reg[1]/Q
                         net (fo=2, routed)           0.625     6.924    clk_div_max_reg_n_0_[1]
    SLICE_X109Y103       LUT1 (Prop_lut1_I0_O)        0.295     7.219 r  clk_en_i_23/O
                         net (fo=1, routed)           0.000     7.219    clk_en_i_23_n_0
    SLICE_X109Y103       CARRY4 (Prop_carry4_S[0]_CO[3])
                                                      0.532     7.751 r  clk_en_reg_i_17/CO[3]
                         net (fo=3, routed)           0.848     8.599    clk_en_reg_i_17_n_0
    SLICE_X113Y103       CARRY4 (Prop_carry4_CYINIT_O[2])
                                                      0.584     9.183 r  clk_en_reg_i_16/O[2]
                         net (fo=2, routed)           0.814     9.997    clk_en1[6]
    SLICE_X112Y103       LUT4 (Prop_lut4_I1_O)        0.302    10.299 r  clk_en_i_11/O
                         net (fo=1, routed)           0.000    10.299    clk_en_i_11_n_0
    SLICE_X112Y103       CARRY4 (Prop_carry4_S[3]_CO[3])
                                                      0.376    10.675 r  clk_en_reg_i_2/CO[3]
                         net (fo=1, routed)           0.000    10.675    clk_en_reg_i_2_n_0
    SLICE_X112Y104       CARRY4 (Prop_carry4_CI_CO[1])
                                                      0.179    10.854 r  clk_en_reg_i_1/CO[1]
                         net (fo=2, routed)           0.418    11.272    clk_en_reg_i_1_n_2
    SLICE_X110Y104       LUT2 (Prop_lut2_I0_O)        0.332    11.604 r  div_counter[0]_i_1/O
                         net (fo=12, routed)          0.539    12.143    div_counter[0]_i_1_n_0
    SLICE_X111Y102       FDRE                                         r  div_counter_reg[0]/R
  -------------------------------------------------------------------    -------------------

                         (clock clk rise edge)       10.000    10.000 r  
    Y9                                                0.000    10.000 r  clk (IN)
                         net (fo=0)                   0.000    10.000    clk
    Y9                   IBUF (Prop_ibuf_I_O)         1.420    11.420 r  clk_IBUF_inst/O
                         net (fo=1, routed)           1.972    13.392    clk_IBUF
    BUFGCTRL_X0Y0        BUFG (Prop_bufg_I_O)         0.091    13.483 r  clk_IBUF_BUFG_inst/O
                         net (fo=45, routed)          1.864    15.347    clk_IBUF_BUFG
    SLICE_X111Y102       FDRE                                         r  div_counter_reg[0]/C
                         clock pessimism              0.412    15.758    
                         clock uncertainty           -0.035    15.723    
    SLICE_X111Y102       FDRE (Setup_fdre_C_R)       -0.429    15.294    div_counter_reg[0]
  -------------------------------------------------------------------
                         required time                         15.294    
                         arrival time                         -12.143    
  -------------------------------------------------------------------
                         slack                                  3.151    

Slack (MET) :             3.151ns  (required time - arrival time)
  Source:                 clk_div_max_reg[1]/C
                            (rising edge-triggered cell FDRE clocked by clk  {rise@0.000ns fall@5.000ns period=10.000ns})
  Destination:            div_counter_reg[1]/R
                            (rising edge-triggered cell FDRE clocked by clk  {rise@0.000ns fall@5.000ns period=10.000ns})
  Path Group:             clk
  Path Type:              Setup (Max at Slow Process Corner)
  Requirement:            10.000ns  (clk rise@10.000ns - clk rise@0.000ns)
  Data Path Delay:        6.322ns  (logic 3.078ns (48.686%)  route 3.244ns (51.314%))
  Logic Levels:           7  (CARRY4=4 LUT1=1 LUT2=1 LUT4=1)
  Clock Path Skew:        -0.062ns (DCD - SCD + CPR)
    Destination Clock Delay (DCD):    5.347ns = ( 15.347 - 10.000 ) 
    Source Clock Delay      (SCD):    5.820ns
    Clock Pessimism Removal (CPR):    0.412ns
  Clock Uncertainty:      0.035ns  ((TSJ^2 + TIJ^2)^1/2 + DJ) / 2 + PE
    Total System Jitter     (TSJ):    0.071ns
    Total Input Jitter      (TIJ):    0.000ns
    Discrete Jitter          (DJ):    0.000ns
    Phase Error              (PE):    0.000ns

    Location             Delay type                Incr(ns)  Path(ns)    Netlist Resource(s)
  -------------------------------------------------------------------    -------------------
                         (clock clk rise edge)        0.000     0.000 r  
    Y9                                                0.000     0.000 r  clk (IN)
                         net (fo=0)                   0.000     0.000    clk
    Y9                   IBUF (Prop_ibuf_I_O)         1.490     1.490 r  clk_IBUF_inst/O
                         net (fo=1, routed)           2.171     3.661    clk_IBUF
    BUFGCTRL_X0Y0        BUFG (Prop_bufg_I_O)         0.101     3.762 r  clk_IBUF_BUFG_inst/O
                         net (fo=45, routed)          2.058     5.820    clk_IBUF_BUFG
    SLICE_X108Y103       FDRE                                         r  clk_div_max_reg[1]/C
  -------------------------------------------------------------------    -------------------
    SLICE_X108Y103       FDRE (Prop_fdre_C_Q)         0.478     6.298 f  clk_div_max_reg[1]/Q
                         net (fo=2, routed)           0.625     6.924    clk_div_max_reg_n_0_[1]
    SLICE_X109Y103       LUT1 (Prop_lut1_I0_O)        0.295     7.219 r  clk_en_i_23/O
                         net (fo=1, routed)           0.000     7.219    clk_en_i_23_n_0
    SLICE_X109Y103       CARRY4 (Prop_carry4_S[0]_CO[3])
                                                      0.532     7.751 r  clk_en_reg_i_17/CO[3]
                         net (fo=3, routed)           0.848     8.599    clk_en_reg_i_17_n_0
    SLICE_X113Y103       CARRY4 (Prop_carry4_CYINIT_O[2])
                                                      0.584     9.183 r  clk_en_reg_i_16/O[2]
                         net (fo=2, routed)           0.814     9.997    clk_en1[6]
    SLICE_X112Y103       LUT4 (Prop_lut4_I1_O)        0.302    10.299 r  clk_en_i_11/O
                         net (fo=1, routed)           0.000    10.299    clk_en_i_11_n_0
    SLICE_X112Y103       CARRY4 (Prop_carry4_S[3]_CO[3])
                                                      0.376    10.675 r  clk_en_reg_i_2/CO[3]
                         net (fo=1, routed)           0.000    10.675    clk_en_reg_i_2_n_0
    SLICE_X112Y104       CARRY4 (Prop_carry4_CI_CO[1])
                                                      0.179    10.854 r  clk_en_reg_i_1/CO[1]
                         net (fo=2, routed)           0.418    11.272    clk_en_reg_i_1_n_2
    SLICE_X110Y104       LUT2 (Prop_lut2_I0_O)        0.332    11.604 r  div_counter[0]_i_1/O
                         net (fo=12, routed)          0.539    12.143    div_counter[0]_i_1_n_0
    SLICE_X111Y102       FDRE                                         r  div_counter_reg[1]/R
  -------------------------------------------------------------------    -------------------

                         (clock clk rise edge)       10.000    10.000 r  
    Y9                                                0.000    10.000 r  clk (IN)
                         net (fo=0)                   0.000    10.000    clk
    Y9                   IBUF (Prop_ibuf_I_O)         1.420    11.420 r  clk_IBUF_inst/O
                         net (fo=1, routed)           1.972    13.392    clk_IBUF
    BUFGCTRL_X0Y0        BUFG (Prop_bufg_I_O)         0.091    13.483 r  clk_IBUF_BUFG_inst/O
                         net (fo=45, routed)          1.864    15.347    clk_IBUF_BUFG
    SLICE_X111Y102       FDRE                                         r  div_counter_reg[1]/C
                         clock pessimism              0.412    15.758    
                         clock uncertainty           -0.035    15.723    
    SLICE_X111Y102       FDRE (Setup_fdre_C_R)       -0.429    15.294    div_counter_reg[1]
  -------------------------------------------------------------------
                         required time                         15.294    
                         arrival time                         -12.143    
  -------------------------------------------------------------------
                         slack                                  3.151    

Slack (MET) :             3.151ns  (required time - arrival time)
  Source:                 clk_div_max_reg[1]/C
                            (rising edge-triggered cell FDRE clocked by clk  {rise@0.000ns fall@5.000ns period=10.000ns})
  Destination:            div_counter_reg[2]/R
                            (rising edge-triggered cell FDRE clocked by clk  {rise@0.000ns fall@5.000ns period=10.000ns})
  Path Group:             clk
  Path Type:              Setup (Max at Slow Process Corner)
  Requirement:            10.000ns  (clk rise@10.000ns - clk rise@0.000ns)
  Data Path Delay:        6.322ns  (logic 3.078ns (48.686%)  route 3.244ns (51.314%))
  Logic Levels:           7  (CARRY4=4 LUT1=1 LUT2=1 LUT4=1)
  Clock Path Skew:        -0.062ns (DCD - SCD + CPR)
    Destination Clock Delay (DCD):    5.347ns = ( 15.347 - 10.000 ) 
    Source Clock Delay      (SCD):    5.820ns
    Clock Pessimism Removal (CPR):    0.412ns
  Clock Uncertainty:      0.035ns  ((TSJ^2 + TIJ^2)^1/2 + DJ) / 2 + PE
    Total System Jitter     (TSJ):    0.071ns
    Total Input Jitter      (TIJ):    0.000ns
    Discrete Jitter          (DJ):    0.000ns
    Phase Error              (PE):    0.000ns

    Location             Delay type                Incr(ns)  Path(ns)    Netlist Resource(s)
  -------------------------------------------------------------------    -------------------
                         (clock clk rise edge)        0.000     0.000 r  
    Y9                                                0.000     0.000 r  clk (IN)
                         net (fo=0)                   0.000     0.000    clk
    Y9                   IBUF (Prop_ibuf_I_O)         1.490     1.490 r  clk_IBUF_inst/O
                         net (fo=1, routed)           2.171     3.661    clk_IBUF
    BUFGCTRL_X0Y0        BUFG (Prop_bufg_I_O)         0.101     3.762 r  clk_IBUF_BUFG_inst/O
                         net (fo=45, routed)          2.058     5.820    clk_IBUF_BUFG
    SLICE_X108Y103       FDRE                                         r  clk_div_max_reg[1]/C
  -------------------------------------------------------------------    -------------------
    SLICE_X108Y103       FDRE (Prop_fdre_C_Q)         0.478     6.298 f  clk_div_max_reg[1]/Q
                         net (fo=2, routed)           0.625     6.924    clk_div_max_reg_n_0_[1]
    SLICE_X109Y103       LUT1 (Prop_lut1_I0_O)        0.295     7.219 r  clk_en_i_23/O
                         net (fo=1, routed)           0.000     7.219    clk_en_i_23_n_0
    SLICE_X109Y103       CARRY4 (Prop_carry4_S[0]_CO[3])
                                                      0.532     7.751 r  clk_en_reg_i_17/CO[3]
                         net (fo=3, routed)           0.848     8.599    clk_en_reg_i_17_n_0
    SLICE_X113Y103       CARRY4 (Prop_carry4_CYINIT_O[2])
                                                      0.584     9.183 r  clk_en_reg_i_16/O[2]
                         net (fo=2, routed)           0.814     9.997    clk_en1[6]
    SLICE_X112Y103       LUT4 (Prop_lut4_I1_O)        0.302    10.299 r  clk_en_i_11/O
                         net (fo=1, routed)           0.000    10.299    clk_en_i_11_n_0
    SLICE_X112Y103       CARRY4 (Prop_carry4_S[3]_CO[3])
                                                      0.376    10.675 r  clk_en_reg_i_2/CO[3]
                         net (fo=1, routed)           0.000    10.675    clk_en_reg_i_2_n_0
    SLICE_X112Y104       CARRY4 (Prop_carry4_CI_CO[1])
                                                      0.179    10.854 r  clk_en_reg_i_1/CO[1]
                         net (fo=2, routed)           0.418    11.272    clk_en_reg_i_1_n_2
    SLICE_X110Y104       LUT2 (Prop_lut2_I0_O)        0.332    11.604 r  div_counter[0]_i_1/O
                         net (fo=12, routed)          0.539    12.143    div_counter[0]_i_1_n_0
    SLICE_X111Y102       FDRE                                         r  div_counter_reg[2]/R
  -------------------------------------------------------------------    -------------------

                         (clock clk rise edge)       10.000    10.000 r  
    Y9                                                0.000    10.000 r  clk (IN)
                         net (fo=0)                   0.000    10.000    clk
    Y9                   IBUF (Prop_ibuf_I_O)         1.420    11.420 r  clk_IBUF_inst/O
                         net (fo=1, routed)           1.972    13.392    clk_IBUF
    BUFGCTRL_X0Y0        BUFG (Prop_bufg_I_O)         0.091    13.483 r  clk_IBUF_BUFG_inst/O
                         net (fo=45, routed)          1.864    15.347    clk_IBUF_BUFG
    SLICE_X111Y102       FDRE                                         r  div_counter_reg[2]/C
                         clock pessimism              0.412    15.758    
                         clock uncertainty           -0.035    15.723    
    SLICE_X111Y102       FDRE (Setup_fdre_C_R)       -0.429    15.294    div_counter_reg[2]
  -------------------------------------------------------------------
                         required time                         15.294    
                         arrival time                         -12.143    
  -------------------------------------------------------------------
                         slack                                  3.151    

Slack (MET) :             3.151ns  (required time - arrival time)
  Source:                 clk_div_max_reg[1]/C
                            (rising edge-triggered cell FDRE clocked by clk  {rise@0.000ns fall@5.000ns period=10.000ns})
  Destination:            div_counter_reg[3]/R
                            (rising edge-triggered cell FDRE clocked by clk  {rise@0.000ns fall@5.000ns period=10.000ns})
  Path Group:             clk
  Path Type:              Setup (Max at Slow Process Corner)
  Requirement:            10.000ns  (clk rise@10.000ns - clk rise@0.000ns)
  Data Path Delay:        6.322ns  (logic 3.078ns (48.686%)  route 3.244ns (51.314%))
  Logic Levels:           7  (CARRY4=4 LUT1=1 LUT2=1 LUT4=1)
  Clock Path Skew:        -0.062ns (DCD - SCD + CPR)
    Destination Clock Delay (DCD):    5.347ns = ( 15.347 - 10.000 ) 
    Source Clock Delay      (SCD):    5.820ns
    Clock Pessimism Removal (CPR):    0.412ns
  Clock Uncertainty:      0.035ns  ((TSJ^2 + TIJ^2)^1/2 + DJ) / 2 + PE
    Total System Jitter     (TSJ):    0.071ns
    Total Input Jitter      (TIJ):    0.000ns
    Discrete Jitter          (DJ):    0.000ns
    Phase Error              (PE):    0.000ns

    Location             Delay type                Incr(ns)  Path(ns)    Netlist Resource(s)
  -------------------------------------------------------------------    -------------------
                         (clock clk rise edge)        0.000     0.000 r  
    Y9                                                0.000     0.000 r  clk (IN)
                         net (fo=0)                   0.000     0.000    clk
    Y9                   IBUF (Prop_ibuf_I_O)         1.490     1.490 r  clk_IBUF_inst/O
                         net (fo=1, routed)           2.171     3.661    clk_IBUF
    BUFGCTRL_X0Y0        BUFG (Prop_bufg_I_O)         0.101     3.762 r  clk_IBUF_BUFG_inst/O
                         net (fo=45, routed)          2.058     5.820    clk_IBUF_BUFG
    SLICE_X108Y103       FDRE                                         r  clk_div_max_reg[1]/C
  -------------------------------------------------------------------    -------------------
    SLICE_X108Y103       FDRE (Prop_fdre_C_Q)         0.478     6.298 f  clk_div_max_reg[1]/Q
                         net (fo=2, routed)           0.625     6.924    clk_div_max_reg_n_0_[1]
    SLICE_X109Y103       LUT1 (Prop_lut1_I0_O)        0.295     7.219 r  clk_en_i_23/O
                         net (fo=1, routed)           0.000     7.219    clk_en_i_23_n_0
    SLICE_X109Y103       CARRY4 (Prop_carry4_S[0]_CO[3])
                                                      0.532     7.751 r  clk_en_reg_i_17/CO[3]
                         net (fo=3, routed)           0.848     8.599    clk_en_reg_i_17_n_0
    SLICE_X113Y103       CARRY4 (Prop_carry4_CYINIT_O[2])
                                                      0.584     9.183 r  clk_en_reg_i_16/O[2]
                         net (fo=2, routed)           0.814     9.997    clk_en1[6]
    SLICE_X112Y103       LUT4 (Prop_lut4_I1_O)        0.302    10.299 r  clk_en_i_11/O
                         net (fo=1, routed)           0.000    10.299    clk_en_i_11_n_0
    SLICE_X112Y103       CARRY4 (Prop_carry4_S[3]_CO[3])
                                                      0.376    10.675 r  clk_en_reg_i_2/CO[3]
                         net (fo=1, routed)           0.000    10.675    clk_en_reg_i_2_n_0
    SLICE_X112Y104       CARRY4 (Prop_carry4_CI_CO[1])
                                                      0.179    10.854 r  clk_en_reg_i_1/CO[1]
                         net (fo=2, routed)           0.418    11.272    clk_en_reg_i_1_n_2
    SLICE_X110Y104       LUT2 (Prop_lut2_I0_O)        0.332    11.604 r  div_counter[0]_i_1/O
                         net (fo=12, routed)          0.539    12.143    div_counter[0]_i_1_n_0
    SLICE_X111Y102       FDRE                                         r  div_counter_reg[3]/R
  -------------------------------------------------------------------    -------------------

                         (clock clk rise edge)       10.000    10.000 r  
    Y9                                                0.000    10.000 r  clk (IN)
                         net (fo=0)                   0.000    10.000    clk
    Y9                   IBUF (Prop_ibuf_I_O)         1.420    11.420 r  clk_IBUF_inst/O
                         net (fo=1, routed)           1.972    13.392    clk_IBUF
    BUFGCTRL_X0Y0        BUFG (Prop_bufg_I_O)         0.091    13.483 r  clk_IBUF_BUFG_inst/O
                         net (fo=45, routed)          1.864    15.347    clk_IBUF_BUFG
    SLICE_X111Y102       FDRE                                         r  div_counter_reg[3]/C
                         clock pessimism              0.412    15.758    
                         clock uncertainty           -0.035    15.723    
    SLICE_X111Y102       FDRE (Setup_fdre_C_R)       -0.429    15.294    div_counter_reg[3]
  -------------------------------------------------------------------
                         required time                         15.294    
                         arrival time                         -12.143    
  -------------------------------------------------------------------
                         slack                                  3.151    

Slack (MET) :             3.190ns  (required time - arrival time)
  Source:                 clk_div_max_reg[1]/C
                            (rising edge-triggered cell FDRE clocked by clk  {rise@0.000ns fall@5.000ns period=10.000ns})
  Destination:            div_counter_reg[4]/R
                            (rising edge-triggered cell FDRE clocked by clk  {rise@0.000ns fall@5.000ns period=10.000ns})
  Path Group:             clk
  Path Type:              Setup (Max at Slow Process Corner)
  Requirement:            10.000ns  (clk rise@10.000ns - clk rise@0.000ns)
  Data Path Delay:        6.283ns  (logic 3.078ns (48.989%)  route 3.205ns (51.011%))
  Logic Levels:           7  (CARRY4=4 LUT1=1 LUT2=1 LUT4=1)
  Clock Path Skew:        -0.063ns (DCD - SCD + CPR)
    Destination Clock Delay (DCD):    5.346ns = ( 15.346 - 10.000 ) 
    Source Clock Delay      (SCD):    5.820ns
    Clock Pessimism Removal (CPR):    0.412ns
  Clock Uncertainty:      0.035ns  ((TSJ^2 + TIJ^2)^1/2 + DJ) / 2 + PE
    Total System Jitter     (TSJ):    0.071ns
    Total Input Jitter      (TIJ):    0.000ns
    Discrete Jitter          (DJ):    0.000ns
    Phase Error              (PE):    0.000ns

    Location             Delay type                Incr(ns)  Path(ns)    Netlist Resource(s)
  -------------------------------------------------------------------    -------------------
                         (clock clk rise edge)        0.000     0.000 r  
    Y9                                                0.000     0.000 r  clk (IN)
                         net (fo=0)                   0.000     0.000    clk
    Y9                   IBUF (Prop_ibuf_I_O)         1.490     1.490 r  clk_IBUF_inst/O
                         net (fo=1, routed)           2.171     3.661    clk_IBUF
    BUFGCTRL_X0Y0        BUFG (Prop_bufg_I_O)         0.101     3.762 r  clk_IBUF_BUFG_inst/O
                         net (fo=45, routed)          2.058     5.820    clk_IBUF_BUFG
    SLICE_X108Y103       FDRE                                         r  clk_div_max_reg[1]/C
  -------------------------------------------------------------------    -------------------
    SLICE_X108Y103       FDRE (Prop_fdre_C_Q)         0.478     6.298 f  clk_div_max_reg[1]/Q
                         net (fo=2, routed)           0.625     6.924    clk_div_max_reg_n_0_[1]
    SLICE_X109Y103       LUT1 (Prop_lut1_I0_O)        0.295     7.219 r  clk_en_i_23/O
                         net (fo=1, routed)           0.000     7.219    clk_en_i_23_n_0
    SLICE_X109Y103       CARRY4 (Prop_carry4_S[0]_CO[3])
                                                      0.532     7.751 r  clk_en_reg_i_17/CO[3]
                         net (fo=3, routed)           0.848     8.599    clk_en_reg_i_17_n_0
    SLICE_X113Y103       CARRY4 (Prop_carry4_CYINIT_O[2])
                                                      0.584     9.183 r  clk_en_reg_i_16/O[2]
                         net (fo=2, routed)           0.814     9.997    clk_en1[6]
    SLICE_X112Y103       LUT4 (Prop_lut4_I1_O)        0.302    10.299 r  clk_en_i_11/O
                         net (fo=1, routed)           0.000    10.299    clk_en_i_11_n_0
    SLICE_X112Y103       CARRY4 (Prop_carry4_S[3]_CO[3])
                                                      0.376    10.675 r  clk_en_reg_i_2/CO[3]
                         net (fo=1, routed)           0.000    10.675    clk_en_reg_i_2_n_0
    SLICE_X112Y104       CARRY4 (Prop_carry4_CI_CO[1])
                                                      0.179    10.854 r  clk_en_reg_i_1/CO[1]
                         net (fo=2, routed)           0.418    11.272    clk_en_reg_i_1_n_2
    SLICE_X110Y104       LUT2 (Prop_lut2_I0_O)        0.332    11.604 r  div_counter[0]_i_1/O
                         net (fo=12, routed)          0.500    12.103    div_counter[0]_i_1_n_0
    SLICE_X111Y103       FDRE                                         r  div_counter_reg[4]/R
  -------------------------------------------------------------------    -------------------

                         (clock clk rise edge)       10.000    10.000 r  
    Y9                                                0.000    10.000 r  clk (IN)
                         net (fo=0)                   0.000    10.000    clk
    Y9                   IBUF (Prop_ibuf_I_O)         1.420    11.420 r  clk_IBUF_inst/O
                         net (fo=1, routed)           1.972    13.392    clk_IBUF
    BUFGCTRL_X0Y0        BUFG (Prop_bufg_I_O)         0.091    13.483 r  clk_IBUF_BUFG_inst/O
                         net (fo=45, routed)          1.863    15.346    clk_IBUF_BUFG
    SLICE_X111Y103       FDRE                                         r  div_counter_reg[4]/C
                         clock pessimism              0.412    15.757    
                         clock uncertainty           -0.035    15.722    
    SLICE_X111Y103       FDRE (Setup_fdre_C_R)       -0.429    15.293    div_counter_reg[4]
  -------------------------------------------------------------------
                         required time                         15.293    
                         arrival time                         -12.103    
  -------------------------------------------------------------------
                         slack                                  3.190    

Slack (MET) :             3.190ns  (required time - arrival time)
  Source:                 clk_div_max_reg[1]/C
                            (rising edge-triggered cell FDRE clocked by clk  {rise@0.000ns fall@5.000ns period=10.000ns})
  Destination:            div_counter_reg[5]/R
                            (rising edge-triggered cell FDRE clocked by clk  {rise@0.000ns fall@5.000ns period=10.000ns})
  Path Group:             clk
  Path Type:              Setup (Max at Slow Process Corner)
  Requirement:            10.000ns  (clk rise@10.000ns - clk rise@0.000ns)
  Data Path Delay:        6.283ns  (logic 3.078ns (48.989%)  route 3.205ns (51.011%))
  Logic Levels:           7  (CARRY4=4 LUT1=1 LUT2=1 LUT4=1)
  Clock Path Skew:        -0.063ns (DCD - SCD + CPR)
    Destination Clock Delay (DCD):    5.346ns = ( 15.346 - 10.000 ) 
    Source Clock Delay      (SCD):    5.820ns
    Clock Pessimism Removal (CPR):    0.412ns
  Clock Uncertainty:      0.035ns  ((TSJ^2 + TIJ^2)^1/2 + DJ) / 2 + PE
    Total System Jitter     (TSJ):    0.071ns
    Total Input Jitter      (TIJ):    0.000ns
    Discrete Jitter          (DJ):    0.000ns
    Phase Error              (PE):    0.000ns

    Location             Delay type                Incr(ns)  Path(ns)    Netlist Resource(s)
  -------------------------------------------------------------------    -------------------
                         (clock clk rise edge)        0.000     0.000 r  
    Y9                                                0.000     0.000 r  clk (IN)
                         net (fo=0)                   0.000     0.000    clk
    Y9                   IBUF (Prop_ibuf_I_O)         1.490     1.490 r  clk_IBUF_inst/O
                         net (fo=1, routed)           2.171     3.661    clk_IBUF
    BUFGCTRL_X0Y0        BUFG (Prop_bufg_I_O)         0.101     3.762 r  clk_IBUF_BUFG_inst/O
                         net (fo=45, routed)          2.058     5.820    clk_IBUF_BUFG
    SLICE_X108Y103       FDRE                                         r  clk_div_max_reg[1]/C
  -------------------------------------------------------------------    -------------------
    SLICE_X108Y103       FDRE (Prop_fdre_C_Q)         0.478     6.298 f  clk_div_max_reg[1]/Q
                         net (fo=2, routed)           0.625     6.924    clk_div_max_reg_n_0_[1]
    SLICE_X109Y103       LUT1 (Prop_lut1_I0_O)        0.295     7.219 r  clk_en_i_23/O
                         net (fo=1, routed)           0.000     7.219    clk_en_i_23_n_0
    SLICE_X109Y103       CARRY4 (Prop_carry4_S[0]_CO[3])
                                                      0.532     7.751 r  clk_en_reg_i_17/CO[3]
                         net (fo=3, routed)           0.848     8.599    clk_en_reg_i_17_n_0
    SLICE_X113Y103       CARRY4 (Prop_carry4_CYINIT_O[2])
                                                      0.584     9.183 r  clk_en_reg_i_16/O[2]
                         net (fo=2, routed)           0.814     9.997    clk_en1[6]
    SLICE_X112Y103       LUT4 (Prop_lut4_I1_O)        0.302    10.299 r  clk_en_i_11/O
                         net (fo=1, routed)           0.000    10.299    clk_en_i_11_n_0
    SLICE_X112Y103       CARRY4 (Prop_carry4_S[3]_CO[3])
                                                      0.376    10.675 r  clk_en_reg_i_2/CO[3]
                         net (fo=1, routed)           0.000    10.675    clk_en_reg_i_2_n_0
    SLICE_X112Y104       CARRY4 (Prop_carry4_CI_CO[1])
                                                      0.179    10.854 r  clk_en_reg_i_1/CO[1]
                         net (fo=2, routed)           0.418    11.272    clk_en_reg_i_1_n_2
    SLICE_X110Y104       LUT2 (Prop_lut2_I0_O)        0.332    11.604 r  div_counter[0]_i_1/O
                         net (fo=12, routed)          0.500    12.103    div_counter[0]_i_1_n_0
    SLICE_X111Y103       FDRE                                         r  div_counter_reg[5]/R
  -------------------------------------------------------------------    -------------------

                         (clock clk rise edge)       10.000    10.000 r  
    Y9                                                0.000    10.000 r  clk (IN)
                         net (fo=0)                   0.000    10.000    clk
    Y9                   IBUF (Prop_ibuf_I_O)         1.420    11.420 r  clk_IBUF_inst/O
                         net (fo=1, routed)           1.972    13.392    clk_IBUF
    BUFGCTRL_X0Y0        BUFG (Prop_bufg_I_O)         0.091    13.483 r  clk_IBUF_BUFG_inst/O
                         net (fo=45, routed)          1.863    15.346    clk_IBUF_BUFG
    SLICE_X111Y103       FDRE                                         r  div_counter_reg[5]/C
                         clock pessimism              0.412    15.757    
                         clock uncertainty           -0.035    15.722    
    SLICE_X111Y103       FDRE (Setup_fdre_C_R)       -0.429    15.293    div_counter_reg[5]
  -------------------------------------------------------------------
                         required time                         15.293    
                         arrival time                         -12.103    
  -------------------------------------------------------------------
                         slack                                  3.190    





Min Delay Paths
--------------------------------------------------------------------------------------
Slack (MET) :             0.188ns  (arrival time - required time)
  Source:                 duty_s1_reg[1]/C
                            (rising edge-triggered cell FDRE clocked by clk  {rise@0.000ns fall@5.000ns period=10.000ns})
  Destination:            duty_sync_reg[1]/D
                            (rising edge-triggered cell FDRE clocked by clk  {rise@0.000ns fall@5.000ns period=10.000ns})
  Path Group:             clk
  Path Type:              Hold (Min at Fast Process Corner)
  Requirement:            0.000ns  (clk rise@0.000ns - clk rise@0.000ns)
  Data Path Delay:        0.284ns  (logic 0.141ns (49.618%)  route 0.143ns (50.382%))
  Logic Levels:           0  
  Clock Path Skew:        0.013ns (DCD - SCD - CPR)
    Destination Clock Delay (DCD):    2.190ns
    Source Clock Delay      (SCD):    1.667ns
    Clock Pessimism Removal (CPR):    0.510ns

    Location             Delay type                Incr(ns)  Path(ns)    Netlist Resource(s)
  -------------------------------------------------------------------    -------------------
                         (clock clk rise edge)        0.000     0.000 r  
    Y9                                                0.000     0.000 r  clk (IN)
                         net (fo=0)                   0.000     0.000    clk
    Y9                   IBUF (Prop_ibuf_I_O)         0.258     0.258 r  clk_IBUF_inst/O
                         net (fo=1, routed)           0.663     0.921    clk_IBUF
    BUFGCTRL_X0Y0        BUFG (Prop_bufg_I_O)         0.026     0.947 r  clk_IBUF_BUFG_inst/O
                         net (fo=45, routed)          0.720     1.667    clk_IBUF_BUFG
    SLICE_X113Y104       FDRE                                         r  duty_s1_reg[1]/C
  -------------------------------------------------------------------    -------------------
    SLICE_X113Y104       FDRE (Prop_fdre_C_Q)         0.141     1.808 r  duty_s1_reg[1]/Q
                         net (fo=1, routed)           0.143     1.952    duty_s1[1]
    SLICE_X112Y104       FDRE                                         r  duty_sync_reg[1]/D
  -------------------------------------------------------------------    -------------------

                         (clock clk rise edge)        0.000     0.000 r  
    Y9                                                0.000     0.000 r  clk (IN)
                         net (fo=0)                   0.000     0.000    clk
    Y9                   IBUF (Prop_ibuf_I_O)         0.446     0.446 r  clk_IBUF_inst/O
                         net (fo=1, routed)           0.719     1.165    clk_IBUF
    BUFGCTRL_X0Y0        BUFG (Prop_bufg_I_O)         0.029     1.194 r  clk_IBUF_BUFG_inst/O
                         net (fo=45, routed)          0.996     2.190    clk_IBUF_BUFG
    SLICE_X112Y104       FDRE                                         r  duty_sync_reg[1]/C
                         clock pessimism             -0.510     1.680    
    SLICE_X112Y104       FDRE (Hold_fdre_C_D)         0.083     1.763    duty_sync_reg[1]
  -------------------------------------------------------------------
                         required time                         -1.763    
                         arrival time                           1.952    
  -------------------------------------------------------------------
                         slack                                  0.188    

Slack (MET) :             0.216ns  (arrival time - required time)
  Source:                 counter_reg[5]/C
                            (rising edge-triggered cell FDRE clocked by clk  {rise@0.000ns fall@5.000ns period=10.000ns})
  Destination:            pwm_out_reg/D
                            (rising edge-triggered cell FDRE clocked by clk  {rise@0.000ns fall@5.000ns period=10.000ns})
  Path Group:             clk
  Path Type:              Hold (Min at Fast Process Corner)
  Requirement:            0.000ns  (clk rise@0.000ns - clk rise@0.000ns)
  Data Path Delay:        0.324ns  (logic 0.186ns (57.476%)  route 0.138ns (42.524%))
  Logic Levels:           1  (LUT6=1)
  Clock Path Skew:        0.017ns (DCD - SCD - CPR)
    Destination Clock Delay (DCD):    2.191ns
    Source Clock Delay      (SCD):    1.667ns
    Clock Pessimism Removal (CPR):    0.507ns

    Location             Delay type                Incr(ns)  Path(ns)    Netlist Resource(s)
  -------------------------------------------------------------------    -------------------
                         (clock clk rise edge)        0.000     0.000 r  
    Y9                                                0.000     0.000 r  clk (IN)
                         net (fo=0)                   0.000     0.000    clk
    Y9                   IBUF (Prop_ibuf_I_O)         0.258     0.258 r  clk_IBUF_inst/O
                         net (fo=1, routed)           0.663     0.921    clk_IBUF
    BUFGCTRL_X0Y0        BUFG (Prop_bufg_I_O)         0.026     0.947 r  clk_IBUF_BUFG_inst/O
                         net (fo=45, routed)          0.720     1.667    clk_IBUF_BUFG
    SLICE_X110Y103       FDRE                                         r  counter_reg[5]/C
  -------------------------------------------------------------------    -------------------
    SLICE_X110Y103       FDRE (Prop_fdre_C_Q)         0.141     1.808 f  counter_reg[5]/Q
                         net (fo=3, routed)           0.138     1.946    counter_reg[5]
    SLICE_X110Y102       LUT6 (Prop_lut6_I1_O)        0.045     1.991 r  pwm_out_i_1/O
                         net (fo=1, routed)           0.000     1.991    p_0_in
    SLICE_X110Y102       FDRE                                         r  pwm_out_reg/D
  -------------------------------------------------------------------    -------------------

                         (clock clk rise edge)        0.000     0.000 r  
    Y9                                                0.000     0.000 r  clk (IN)
                         net (fo=0)                   0.000     0.000    clk
    Y9                   IBUF (Prop_ibuf_I_O)         0.446     0.446 r  clk_IBUF_inst/O
                         net (fo=1, routed)           0.719     1.165    clk_IBUF
    BUFGCTRL_X0Y0        BUFG (Prop_bufg_I_O)         0.029     1.194 r  clk_IBUF_BUFG_inst/O
                         net (fo=45, routed)          0.997     2.191    clk_IBUF_BUFG
    SLICE_X110Y102       FDRE                                         r  pwm_out_reg/C
                         clock pessimism             -0.507     1.684    
    SLICE_X110Y102       FDRE (Hold_fdre_C_D)         0.091     1.775    pwm_out_reg
  -------------------------------------------------------------------
                         required time                         -1.775    
                         arrival time                           1.991    
  -------------------------------------------------------------------
                         slack                                  0.216    

Slack (MET) :             0.227ns  (arrival time - required time)
  Source:                 freq_sel_sync_reg[3]/C
                            (rising edge-triggered cell FDRE clocked by clk  {rise@0.000ns fall@5.000ns period=10.000ns})
  Destination:            clk_div_max_reg[7]/D
                            (rising edge-triggered cell FDRE clocked by clk  {rise@0.000ns fall@5.000ns period=10.000ns})
  Path Group:             clk
  Path Type:              Hold (Min at Fast Process Corner)
  Requirement:            0.000ns  (clk rise@0.000ns - clk rise@0.000ns)
  Data Path Delay:        0.393ns  (logic 0.213ns (54.180%)  route 0.180ns (45.820%))
  Logic Levels:           1  (LUT4=1)
  Clock Path Skew:        0.035ns (DCD - SCD - CPR)
    Destination Clock Delay (DCD):    2.187ns
    Source Clock Delay      (SCD):    1.667ns
    Clock Pessimism Removal (CPR):    0.485ns

    Location             Delay type                Incr(ns)  Path(ns)    Netlist Resource(s)
  -------------------------------------------------------------------    -------------------
                         (clock clk rise edge)        0.000     0.000 r  
    Y9                                                0.000     0.000 r  clk (IN)
                         net (fo=0)                   0.000     0.000    clk
    Y9                   IBUF (Prop_ibuf_I_O)         0.258     0.258 r  clk_IBUF_inst/O
                         net (fo=1, routed)           0.663     0.921    clk_IBUF
    BUFGCTRL_X0Y0        BUFG (Prop_bufg_I_O)         0.026     0.947 r  clk_IBUF_BUFG_inst/O
                         net (fo=45, routed)          0.720     1.667    clk_IBUF_BUFG
    SLICE_X112Y103       FDRE                                         r  freq_sel_sync_reg[3]/C
  -------------------------------------------------------------------    -------------------
    SLICE_X112Y103       FDRE (Prop_fdre_C_Q)         0.164     1.831 r  freq_sel_sync_reg[3]/Q
                         net (fo=9, routed)           0.180     2.011    freq_sel_sync[3]
    SLICE_X108Y103       LUT4 (Prop_lut4_I0_O)        0.049     2.060 r  clk_div_max[7]_i_1/O
                         net (fo=1, routed)           0.000     2.060    clk_div_max[7]
    SLICE_X108Y103       FDRE                                         r  clk_div_max_reg[7]/D
  -------------------------------------------------------------------    -------------------

                         (clock clk rise edge)        0.000     0.000 r  
    Y9                                                0.000     0.000 r  clk (IN)
                         net (fo=0)                   0.000     0.000    clk
    Y9                   IBUF (Prop_ibuf_I_O)         0.446     0.446 r  clk_IBUF_inst/O
                         net (fo=1, routed)           0.719     1.165    clk_IBUF
    BUFGCTRL_X0Y0        BUFG (Prop_bufg_I_O)         0.029     1.194 r  clk_IBUF_BUFG_inst/O
                         net (fo=45, routed)          0.993     2.187    clk_IBUF_BUFG
    SLICE_X108Y103       FDRE                                         r  clk_div_max_reg[7]/C
                         clock pessimism             -0.485     1.702    
    SLICE_X108Y103       FDRE (Hold_fdre_C_D)         0.131     1.833    clk_div_max_reg[7]
  -------------------------------------------------------------------
                         required time                         -1.833    
                         arrival time                           2.060    
  -------------------------------------------------------------------
                         slack                                  0.227    

Slack (MET) :             0.233ns  (arrival time - required time)
  Source:                 freq_sel_sync_reg[3]/C
                            (rising edge-triggered cell FDRE clocked by clk  {rise@0.000ns fall@5.000ns period=10.000ns})
  Destination:            clk_div_max_reg[6]/D
                            (rising edge-triggered cell FDRE clocked by clk  {rise@0.000ns fall@5.000ns period=10.000ns})
  Path Group:             clk
  Path Type:              Hold (Min at Fast Process Corner)
  Requirement:            0.000ns  (clk rise@0.000ns - clk rise@0.000ns)
  Data Path Delay:        0.389ns  (logic 0.209ns (53.709%)  route 0.180ns (46.291%))
  Logic Levels:           1  (LUT4=1)
  Clock Path Skew:        0.035ns (DCD - SCD - CPR)
    Destination Clock Delay (DCD):    2.187ns
    Source Clock Delay      (SCD):    1.667ns
    Clock Pessimism Removal (CPR):    0.485ns

    Location             Delay type                Incr(ns)  Path(ns)    Netlist Resource(s)
  -------------------------------------------------------------------    -------------------
                         (clock clk rise edge)        0.000     0.000 r  
    Y9                                                0.000     0.000 r  clk (IN)
                         net (fo=0)                   0.000     0.000    clk
    Y9                   IBUF (Prop_ibuf_I_O)         0.258     0.258 r  clk_IBUF_inst/O
                         net (fo=1, routed)           0.663     0.921    clk_IBUF
    BUFGCTRL_X0Y0        BUFG (Prop_bufg_I_O)         0.026     0.947 r  clk_IBUF_BUFG_inst/O
                         net (fo=45, routed)          0.720     1.667    clk_IBUF_BUFG
    SLICE_X112Y103       FDRE                                         r  freq_sel_sync_reg[3]/C
  -------------------------------------------------------------------    -------------------
    SLICE_X112Y103       FDRE (Prop_fdre_C_Q)         0.164     1.831 r  freq_sel_sync_reg[3]/Q
                         net (fo=9, routed)           0.180     2.011    freq_sel_sync[3]
    SLICE_X108Y103       LUT4 (Prop_lut4_I3_O)        0.045     2.056 r  clk_div_max[6]_i_1/O
                         net (fo=1, routed)           0.000     2.056    clk_div_max[6]
    SLICE_X108Y103       FDRE                                         r  clk_div_max_reg[6]/D
  -------------------------------------------------------------------    -------------------

                         (clock clk rise edge)        0.000     0.000 r  
    Y9                                                0.000     0.000 r  clk (IN)
                         net (fo=0)                   0.000     0.000    clk
    Y9                   IBUF (Prop_ibuf_I_O)         0.446     0.446 r  clk_IBUF_inst/O
                         net (fo=1, routed)           0.719     1.165    clk_IBUF
    BUFGCTRL_X0Y0        BUFG (Prop_bufg_I_O)         0.029     1.194 r  clk_IBUF_BUFG_inst/O
                         net (fo=45, routed)          0.993     2.187    clk_IBUF_BUFG
    SLICE_X108Y103       FDRE                                         r  clk_div_max_reg[6]/C
                         clock pessimism             -0.485     1.702    
    SLICE_X108Y103       FDRE (Hold_fdre_C_D)         0.121     1.823    clk_div_max_reg[6]
  -------------------------------------------------------------------
                         required time                         -1.823    
                         arrival time                           2.056    
  -------------------------------------------------------------------
                         slack                                  0.233    

Slack (MET) :             0.236ns  (arrival time - required time)
  Source:                 freq_sel_sync_reg[3]/C
                            (rising edge-triggered cell FDRE clocked by clk  {rise@0.000ns fall@5.000ns period=10.000ns})
  Destination:            clk_div_max_reg[5]/D
                            (rising edge-triggered cell FDRE clocked by clk  {rise@0.000ns fall@5.000ns period=10.000ns})
  Path Group:             clk
  Path Type:              Hold (Min at Fast Process Corner)
  Requirement:            0.000ns  (clk rise@0.000ns - clk rise@0.000ns)
  Data Path Delay:        0.402ns  (logic 0.213ns (52.968%)  route 0.189ns (47.032%))
  Logic Levels:           1  (LUT4=1)
  Clock Path Skew:        0.035ns (DCD - SCD - CPR)
    Destination Clock Delay (DCD):    2.187ns
    Source Clock Delay      (SCD):    1.667ns
    Clock Pessimism Removal (CPR):    0.485ns

    Location             Delay type                Incr(ns)  Path(ns)    Netlist Resource(s)
  -------------------------------------------------------------------    -------------------
                         (clock clk rise edge)        0.000     0.000 r  
    Y9                                                0.000     0.000 r  clk (IN)
                         net (fo=0)                   0.000     0.000    clk
    Y9                   IBUF (Prop_ibuf_I_O)         0.258     0.258 r  clk_IBUF_inst/O
                         net (fo=1, routed)           0.663     0.921    clk_IBUF
    BUFGCTRL_X0Y0        BUFG (Prop_bufg_I_O)         0.026     0.947 r  clk_IBUF_BUFG_inst/O
                         net (fo=45, routed)          0.720     1.667    clk_IBUF_BUFG
    SLICE_X112Y103       FDRE                                         r  freq_sel_sync_reg[3]/C
  -------------------------------------------------------------------    -------------------
    SLICE_X112Y103       FDRE (Prop_fdre_C_Q)         0.164     1.831 f  freq_sel_sync_reg[3]/Q
                         net (fo=9, routed)           0.189     2.020    freq_sel_sync[3]
    SLICE_X108Y103       LUT4 (Prop_lut4_I1_O)        0.049     2.069 r  clk_div_max[5]_i_1/O
                         net (fo=1, routed)           0.000     2.069    clk_div_max[5]
    SLICE_X108Y103       FDRE                                         r  clk_div_max_reg[5]/D
  -------------------------------------------------------------------    -------------------

                         (clock clk rise edge)        0.000     0.000 r  
    Y9                                                0.000     0.000 r  clk (IN)
                         net (fo=0)                   0.000     0.000    clk
    Y9                   IBUF (Prop_ibuf_I_O)         0.446     0.446 r  clk_IBUF_inst/O
                         net (fo=1, routed)           0.719     1.165    clk_IBUF
    BUFGCTRL_X0Y0        BUFG (Prop_bufg_I_O)         0.029     1.194 r  clk_IBUF_BUFG_inst/O
                         net (fo=45, routed)          0.993     2.187    clk_IBUF_BUFG
    SLICE_X108Y103       FDRE                                         r  clk_div_max_reg[5]/C
                         clock pessimism             -0.485     1.702    
    SLICE_X108Y103       FDRE (Hold_fdre_C_D)         0.131     1.833    clk_div_max_reg[5]
  -------------------------------------------------------------------
                         required time                         -1.833    
                         arrival time                           2.069    
  -------------------------------------------------------------------
                         slack                                  0.236    

Slack (MET) :             0.239ns  (arrival time - required time)
  Source:                 counter_reg[3]/C
                            (rising edge-triggered cell FDRE clocked by clk  {rise@0.000ns fall@5.000ns period=10.000ns})
  Destination:            counter_reg[5]/D
                            (rising edge-triggered cell FDRE clocked by clk  {rise@0.000ns fall@5.000ns period=10.000ns})
  Path Group:             clk
  Path Type:              Hold (Min at Fast Process Corner)
  Requirement:            0.000ns  (clk rise@0.000ns - clk rise@0.000ns)
  Data Path Delay:        0.331ns  (logic 0.186ns (56.205%)  route 0.145ns (43.795%))
  Logic Levels:           1  (LUT6=1)
  Clock Path Skew:        0.000ns (DCD - SCD - CPR)
    Destination Clock Delay (DCD):    2.190ns
    Source Clock Delay      (SCD):    1.667ns
    Clock Pessimism Removal (CPR):    0.523ns

    Location             Delay type                Incr(ns)  Path(ns)    Netlist Resource(s)
  -------------------------------------------------------------------    -------------------
                         (clock clk rise edge)        0.000     0.000 r  
    Y9                                                0.000     0.000 r  clk (IN)
                         net (fo=0)                   0.000     0.000    clk
    Y9                   IBUF (Prop_ibuf_I_O)         0.258     0.258 r  clk_IBUF_inst/O
                         net (fo=1, routed)           0.663     0.921    clk_IBUF
    BUFGCTRL_X0Y0        BUFG (Prop_bufg_I_O)         0.026     0.947 r  clk_IBUF_BUFG_inst/O
                         net (fo=45, routed)          0.720     1.667    clk_IBUF_BUFG
    SLICE_X110Y103       FDRE                                         r  counter_reg[3]/C
  -------------------------------------------------------------------    -------------------
    SLICE_X110Y103       FDRE (Prop_fdre_C_Q)         0.141     1.808 r  counter_reg[3]/Q
                         net (fo=4, routed)           0.145     1.953    counter_reg_n_0_[3]
    SLICE_X110Y103       LUT6 (Prop_lut6_I0_O)        0.045     1.998 r  counter[5]_i_1/O
                         net (fo=1, routed)           0.000     1.998    plusOp[5]
    SLICE_X110Y103       FDRE                                         r  counter_reg[5]/D
  -------------------------------------------------------------------    -------------------

                         (clock clk rise edge)        0.000     0.000 r  
    Y9                                                0.000     0.000 r  clk (IN)
                         net (fo=0)                   0.000     0.000    clk
    Y9                   IBUF (Prop_ibuf_I_O)         0.446     0.446 r  clk_IBUF_inst/O
                         net (fo=1, routed)           0.719     1.165    clk_IBUF
    BUFGCTRL_X0Y0        BUFG (Prop_bufg_I_O)         0.029     1.194 r  clk_IBUF_BUFG_inst/O
                         net (fo=45, routed)          0.996     2.190    clk_IBUF_BUFG
    SLICE_X110Y103       FDRE                                         r  counter_reg[5]/C
                         clock pessimism             -0.523     1.667    
    SLICE_X110Y103       FDRE (Hold_fdre_C_D)         0.092     1.759    counter_reg[5]
  -------------------------------------------------------------------
                         required time                         -1.759    
                         arrival time                           1.998    
  -------------------------------------------------------------------
                         slack                                  0.239    

Slack (MET) :             0.239ns  (arrival time - required time)
  Source:                 duty_s1_reg[0]/C
                            (rising edge-triggered cell FDRE clocked by clk  {rise@0.000ns fall@5.000ns period=10.000ns})
  Destination:            duty_sync_reg[0]/D
                            (rising edge-triggered cell FDRE clocked by clk  {rise@0.000ns fall@5.000ns period=10.000ns})
  Path Group:             clk
  Path Type:              Hold (Min at Fast Process Corner)
  Requirement:            0.000ns  (clk rise@0.000ns - clk rise@0.000ns)
  Data Path Delay:        0.311ns  (logic 0.141ns (45.298%)  route 0.170ns (54.702%))
  Logic Levels:           0  
  Clock Path Skew:        0.013ns (DCD - SCD - CPR)
    Destination Clock Delay (DCD):    2.190ns
    Source Clock Delay      (SCD):    1.667ns
    Clock Pessimism Removal (CPR):    0.510ns

    Location             Delay type                Incr(ns)  Path(ns)    Netlist Resource(s)
  -------------------------------------------------------------------    -------------------
                         (clock clk rise edge)        0.000     0.000 r  
    Y9                                                0.000     0.000 r  clk (IN)
                         net (fo=0)                   0.000     0.000    clk
    Y9                   IBUF (Prop_ibuf_I_O)         0.258     0.258 r  clk_IBUF_inst/O
                         net (fo=1, routed)           0.663     0.921    clk_IBUF
    BUFGCTRL_X0Y0        BUFG (Prop_bufg_I_O)         0.026     0.947 r  clk_IBUF_BUFG_inst/O
                         net (fo=45, routed)          0.720     1.667    clk_IBUF_BUFG
    SLICE_X113Y104       FDRE                                         r  duty_s1_reg[0]/C
  -------------------------------------------------------------------    -------------------
    SLICE_X113Y104       FDRE (Prop_fdre_C_Q)         0.141     1.808 r  duty_s1_reg[0]/Q
                         net (fo=1, routed)           0.170     1.979    duty_s1[0]
    SLICE_X112Y104       FDRE                                         r  duty_sync_reg[0]/D
  -------------------------------------------------------------------    -------------------

                         (clock clk rise edge)        0.000     0.000 r  
    Y9                                                0.000     0.000 r  clk (IN)
                         net (fo=0)                   0.000     0.000    clk
    Y9                   IBUF (Prop_ibuf_I_O)         0.446     0.446 r  clk_IBUF_inst/O
                         net (fo=1, routed)           0.719     1.165    clk_IBUF
    BUFGCTRL_X0Y0        BUFG (Prop_bufg_I_O)         0.029     1.194 r  clk_IBUF_BUFG_inst/O
                         net (fo=45, routed)          0.996     2.190    clk_IBUF_BUFG
    SLICE_X112Y104       FDRE                                         r  duty_sync_reg[0]/C
                         clock pessimism             -0.510     1.680    
    SLICE_X112Y104       FDRE (Hold_fdre_C_D)         0.059     1.739    duty_sync_reg[0]
  -------------------------------------------------------------------
                         required time                         -1.739    
                         arrival time                           1.979    
  -------------------------------------------------------------------
                         slack                                  0.239    

Slack (MET) :             0.242ns  (arrival time - required time)
  Source:                 freq_sel_sync_reg[3]/C
                            (rising edge-triggered cell FDRE clocked by clk  {rise@0.000ns fall@5.000ns period=10.000ns})
  Destination:            clk_div_max_reg[3]/D
                            (rising edge-triggered cell FDRE clocked by clk  {rise@0.000ns fall@5.000ns period=10.000ns})
  Path Group:             clk
  Path Type:              Hold (Min at Fast Process Corner)
  Requirement:            0.000ns  (clk rise@0.000ns - clk rise@0.000ns)
  Data Path Delay:        0.398ns  (logic 0.209ns (52.495%)  route 0.189ns (47.505%))
  Logic Levels:           1  (LUT4=1)
  Clock Path Skew:        0.035ns (DCD - SCD - CPR)
    Destination Clock Delay (DCD):    2.187ns
    Source Clock Delay      (SCD):    1.667ns
    Clock Pessimism Removal (CPR):    0.485ns

    Location             Delay type                Incr(ns)  Path(ns)    Netlist Resource(s)
  -------------------------------------------------------------------    -------------------
                         (clock clk rise edge)        0.000     0.000 r  
    Y9                                                0.000     0.000 r  clk (IN)
                         net (fo=0)                   0.000     0.000    clk
    Y9                   IBUF (Prop_ibuf_I_O)         0.258     0.258 r  clk_IBUF_inst/O
                         net (fo=1, routed)           0.663     0.921    clk_IBUF
    BUFGCTRL_X0Y0        BUFG (Prop_bufg_I_O)         0.026     0.947 r  clk_IBUF_BUFG_inst/O
                         net (fo=45, routed)          0.720     1.667    clk_IBUF_BUFG
    SLICE_X112Y103       FDRE                                         r  freq_sel_sync_reg[3]/C
  -------------------------------------------------------------------    -------------------
    SLICE_X112Y103       FDRE (Prop_fdre_C_Q)         0.164     1.831 f  freq_sel_sync_reg[3]/Q
                         net (fo=9, routed)           0.189     2.020    freq_sel_sync[3]
    SLICE_X108Y103       LUT4 (Prop_lut4_I0_O)        0.045     2.065 r  clk_div_max[3]_i_1/O
                         net (fo=1, routed)           0.000     2.065    clk_div_max[3]
    SLICE_X108Y103       FDRE                                         r  clk_div_max_reg[3]/D
  -------------------------------------------------------------------    -------------------

                         (clock clk rise edge)        0.000     0.000 r  
    Y9                                                0.000     0.000 r  clk (IN)
                         net (fo=0)                   0.000     0.000    clk
    Y9                   IBUF (Prop_ibuf_I_O)         0.446     0.446 r  clk_IBUF_inst/O
                         net (fo=1, routed)           0.719     1.165    clk_IBUF
    BUFGCTRL_X0Y0        BUFG (Prop_bufg_I_O)         0.029     1.194 r  clk_IBUF_BUFG_inst/O
                         net (fo=45, routed)          0.993     2.187    clk_IBUF_BUFG
    SLICE_X108Y103       FDRE                                         r  clk_div_max_reg[3]/C
                         clock pessimism             -0.485     1.702    
    SLICE_X108Y103       FDRE (Hold_fdre_C_D)         0.121     1.823    clk_div_max_reg[3]
  -------------------------------------------------------------------
                         required time                         -1.823    
                         arrival time                           2.065    
  -------------------------------------------------------------------
                         slack                                  0.242    

Slack (MET) :             0.264ns  (arrival time - required time)
  Source:                 div_counter_reg[11]/C
                            (rising edge-triggered cell FDRE clocked by clk  {rise@0.000ns fall@5.000ns period=10.000ns})
  Destination:            div_counter_reg[11]/D
                            (rising edge-triggered cell FDRE clocked by clk  {rise@0.000ns fall@5.000ns period=10.000ns})
  Path Group:             clk
  Path Type:              Hold (Min at Fast Process Corner)
  Requirement:            0.000ns  (clk rise@0.000ns - clk rise@0.000ns)
  Data Path Delay:        0.369ns  (logic 0.249ns (67.424%)  route 0.120ns (32.576%))
  Logic Levels:           1  (CARRY4=1)
  Clock Path Skew:        0.000ns (DCD - SCD - CPR)
    Destination Clock Delay (DCD):    2.190ns
    Source Clock Delay      (SCD):    1.667ns
    Clock Pessimism Removal (CPR):    0.523ns

    Location             Delay type                Incr(ns)  Path(ns)    Netlist Resource(s)
  -------------------------------------------------------------------    -------------------
                         (clock clk rise edge)        0.000     0.000 r  
    Y9                                                0.000     0.000 r  clk (IN)
                         net (fo=0)                   0.000     0.000    clk
    Y9                   IBUF (Prop_ibuf_I_O)         0.258     0.258 r  clk_IBUF_inst/O
                         net (fo=1, routed)           0.663     0.921    clk_IBUF
    BUFGCTRL_X0Y0        BUFG (Prop_bufg_I_O)         0.026     0.947 r  clk_IBUF_BUFG_inst/O
                         net (fo=45, routed)          0.720     1.667    clk_IBUF_BUFG
    SLICE_X111Y104       FDRE                                         r  div_counter_reg[11]/C
  -------------------------------------------------------------------    -------------------
    SLICE_X111Y104       FDRE (Prop_fdre_C_Q)         0.141     1.808 r  div_counter_reg[11]/Q
                         net (fo=3, routed)           0.120     1.929    div_counter_reg[11]
    SLICE_X111Y104       CARRY4 (Prop_carry4_S[3]_O[3])
                                                      0.108     2.037 r  div_counter_reg[8]_i_1/O[3]
                         net (fo=1, routed)           0.000     2.037    div_counter_reg[8]_i_1_n_4
    SLICE_X111Y104       FDRE                                         r  div_counter_reg[11]/D
  -------------------------------------------------------------------    -------------------

                         (clock clk rise edge)        0.000     0.000 r  
    Y9                                                0.000     0.000 r  clk (IN)
                         net (fo=0)                   0.000     0.000    clk
    Y9                   IBUF (Prop_ibuf_I_O)         0.446     0.446 r  clk_IBUF_inst/O
                         net (fo=1, routed)           0.719     1.165    clk_IBUF
    BUFGCTRL_X0Y0        BUFG (Prop_bufg_I_O)         0.029     1.194 r  clk_IBUF_BUFG_inst/O
                         net (fo=45, routed)          0.996     2.190    clk_IBUF_BUFG
    SLICE_X111Y104       FDRE                                         r  div_counter_reg[11]/C
                         clock pessimism             -0.523     1.667    
    SLICE_X111Y104       FDRE (Hold_fdre_C_D)         0.105     1.772    div_counter_reg[11]
  -------------------------------------------------------------------
                         required time                         -1.772    
                         arrival time                           2.037    
  -------------------------------------------------------------------
                         slack                                  0.264    

Slack (MET) :             0.264ns  (arrival time - required time)
  Source:                 div_counter_reg[3]/C
                            (rising edge-triggered cell FDRE clocked by clk  {rise@0.000ns fall@5.000ns period=10.000ns})
  Destination:            div_counter_reg[3]/D
                            (rising edge-triggered cell FDRE clocked by clk  {rise@0.000ns fall@5.000ns period=10.000ns})
  Path Group:             clk
  Path Type:              Hold (Min at Fast Process Corner)
  Requirement:            0.000ns  (clk rise@0.000ns - clk rise@0.000ns)
  Data Path Delay:        0.369ns  (logic 0.249ns (67.424%)  route 0.120ns (32.576%))
  Logic Levels:           1  (CARRY4=1)
  Clock Path Skew:        0.000ns (DCD - SCD - CPR)
    Destination Clock Delay (DCD):    2.191ns
    Source Clock Delay      (SCD):    1.668ns
    Clock Pessimism Removal (CPR):    0.523ns

    Location             Delay type                Incr(ns)  Path(ns)    Netlist Resource(s)
  -------------------------------------------------------------------    -------------------
                         (clock clk rise edge)        0.000     0.000 r  
    Y9                                                0.000     0.000 r  clk (IN)
                         net (fo=0)                   0.000     0.000    clk
    Y9                   IBUF (Prop_ibuf_I_O)         0.258     0.258 r  clk_IBUF_inst/O
                         net (fo=1, routed)           0.663     0.921    clk_IBUF
    BUFGCTRL_X0Y0        BUFG (Prop_bufg_I_O)         0.026     0.947 r  clk_IBUF_BUFG_inst/O
                         net (fo=45, routed)          0.721     1.668    clk_IBUF_BUFG
    SLICE_X111Y102       FDRE                                         r  div_counter_reg[3]/C
  -------------------------------------------------------------------    -------------------
    SLICE_X111Y102       FDRE (Prop_fdre_C_Q)         0.141     1.809 r  div_counter_reg[3]/Q
                         net (fo=3, routed)           0.120     1.930    div_counter_reg[3]
    SLICE_X111Y102       CARRY4 (Prop_carry4_S[3]_O[3])
                                                      0.108     2.038 r  div_counter_reg[0]_i_2/O[3]
                         net (fo=1, routed)           0.000     2.038    div_counter_reg[0]_i_2_n_4
    SLICE_X111Y102       FDRE                                         r  div_counter_reg[3]/D
  -------------------------------------------------------------------    -------------------

                         (clock clk rise edge)        0.000     0.000 r  
    Y9                                                0.000     0.000 r  clk (IN)
                         net (fo=0)                   0.000     0.000    clk
    Y9                   IBUF (Prop_ibuf_I_O)         0.446     0.446 r  clk_IBUF_inst/O
                         net (fo=1, routed)           0.719     1.165    clk_IBUF
    BUFGCTRL_X0Y0        BUFG (Prop_bufg_I_O)         0.029     1.194 r  clk_IBUF_BUFG_inst/O
                         net (fo=45, routed)          0.997     2.191    clk_IBUF_BUFG
    SLICE_X111Y102       FDRE                                         r  div_counter_reg[3]/C
                         clock pessimism             -0.523     1.668    
    SLICE_X111Y102       FDRE (Hold_fdre_C_D)         0.105     1.773    div_counter_reg[3]
  -------------------------------------------------------------------
                         required time                         -1.773    
                         arrival time                           2.038    
  -------------------------------------------------------------------
                         slack                                  0.264    





Pulse Width Checks
--------------------------------------------------------------------------------------
Clock Name:         clk
Waveform(ns):       { 0.000 5.000 }
Period(ns):         10.000
Sources:            { clk }

Check Type        Corner  Lib Pin  Reference Pin  Required(ns)  Actual(ns)  Slack(ns)  Location        Pin
Min Period        n/a     BUFG/I   n/a            2.155         10.000      7.845      BUFGCTRL_X0Y0   clk_IBUF_BUFG_inst/I
Min Period        n/a     FDRE/C   n/a            1.000         10.000      9.000      SLICE_X107Y103  clk_div_max_reg[0]/C
Min Period        n/a     FDRE/C   n/a            1.000         10.000      9.000      SLICE_X108Y103  clk_div_max_reg[10]/C
Min Period        n/a     FDRE/C   n/a            1.000         10.000      9.000      SLICE_X108Y103  clk_div_max_reg[1]/C
Min Period        n/a     FDRE/C   n/a            1.000         10.000      9.000      SLICE_X108Y103  clk_div_max_reg[2]/C
Min Period        n/a     FDRE/C   n/a            1.000         10.000      9.000      SLICE_X108Y103  clk_div_max_reg[3]/C
Min Period        n/a     FDRE/C   n/a            1.000         10.000      9.000      SLICE_X108Y103  clk_div_max_reg[5]/C
Min Period        n/a     FDRE/C   n/a            1.000         10.000      9.000      SLICE_X108Y103  clk_div_max_reg[6]/C
Min Period        n/a     FDRE/C   n/a            1.000         10.000      9.000      SLICE_X108Y103  clk_div_max_reg[7]/C
Min Period        n/a     FDRE/C   n/a            1.000         10.000      9.000      SLICE_X108Y103  clk_div_max_reg[9]/C
Low Pulse Width   Slow    FDRE/C   n/a            0.500         5.000       4.500      SLICE_X107Y103  clk_div_max_reg[0]/C
Low Pulse Width   Fast    FDRE/C   n/a            0.500         5.000       4.500      SLICE_X107Y103  clk_div_max_reg[0]/C
Low Pulse Width   Slow    FDRE/C   n/a            0.500         5.000       4.500      SLICE_X108Y103  clk_div_max_reg[10]/C
Low Pulse Width   Fast    FDRE/C   n/a            0.500         5.000       4.500      SLICE_X108Y103  clk_div_max_reg[10]/C
Low Pulse Width   Slow    FDRE/C   n/a            0.500         5.000       4.500      SLICE_X108Y103  clk_div_max_reg[1]/C
Low Pulse Width   Fast    FDRE/C   n/a            0.500         5.000       4.500      SLICE_X108Y103  clk_div_max_reg[1]/C
Low Pulse Width   Slow    FDRE/C   n/a            0.500         5.000       4.500      SLICE_X108Y103  clk_div_max_reg[2]/C
Low Pulse Width   Fast    FDRE/C   n/a            0.500         5.000       4.500      SLICE_X108Y103  clk_div_max_reg[2]/C
Low Pulse Width   Slow    FDRE/C   n/a            0.500         5.000       4.500      SLICE_X108Y103  clk_div_max_reg[3]/C
Low Pulse Width   Fast    FDRE/C   n/a            0.500         5.000       4.500      SLICE_X108Y103  clk_div_max_reg[3]/C
High Pulse Width  Slow    FDRE/C   n/a            0.500         5.000       4.500      SLICE_X107Y103  clk_div_max_reg[0]/C
High Pulse Width  Fast    FDRE/C   n/a            0.500         5.000       4.500      SLICE_X107Y103  clk_div_max_reg[0]/C
High Pulse Width  Slow    FDRE/C   n/a            0.500         5.000       4.500      SLICE_X108Y103  clk_div_max_reg[10]/C
High Pulse Width  Fast    FDRE/C   n/a            0.500         5.000       4.500      SLICE_X108Y103  clk_div_max_reg[10]/C
High Pulse Width  Slow    FDRE/C   n/a            0.500         5.000       4.500      SLICE_X108Y103  clk_div_max_reg[1]/C
High Pulse Width  Fast    FDRE/C   n/a            0.500         5.000       4.500      SLICE_X108Y103  clk_div_max_reg[1]/C
High Pulse Width  Slow    FDRE/C   n/a            0.500         5.000       4.500      SLICE_X108Y103  clk_div_max_reg[2]/C
High Pulse Width  Fast    FDRE/C   n/a            0.500         5.000       4.500      SLICE_X108Y103  clk_div_max_reg[2]/C
High Pulse Width  Slow    FDRE/C   n/a            0.500         5.000       4.500      SLICE_X108Y103  clk_div_max_reg[3]/C
High Pulse Width  Fast    FDRE/C   n/a            0.500         5.000       4.500      SLICE_X108Y103  clk_div_max_reg[3]/C



--------------------------------------------------------------------------------------
Path Group:  (none)
From Clock:  clk
  To Clock:  

Max Delay             1 Endpoint
Min Delay             1 Endpoint
--------------------------------------------------------------------------------------


Max Delay Paths
--------------------------------------------------------------------------------------
Slack:                    inf
  Source:                 pwm_out_reg/C
                            (rising edge-triggered cell FDRE clocked by clk  {rise@0.000ns fall@5.000ns period=10.000ns})
  Destination:            pwm_out
                            (output port)
  Path Group:             (none)
  Path Type:              Max at Slow Process Corner
  Data Path Delay:        10.070ns  (logic 4.051ns (40.226%)  route 6.019ns (59.774%))
  Logic Levels:           1  (OBUF=1)
  Clock Uncertainty:      0.025ns  ((TSJ^2 + TIJ^2)^1/2 + DJ) / 2 + PE
    Total System Jitter     (TSJ):    0.050ns
    Total Input Jitter      (TIJ):    0.000ns
    Discrete Jitter          (DJ):    0.000ns
    Phase Error              (PE):    0.000ns

    Location             Delay type                Incr(ns)  Path(ns)    Netlist Resource(s)
  -------------------------------------------------------------------    -------------------
                         (clock clk rise edge)        0.000     0.000 r  
    Y9                                                0.000     0.000 r  clk (IN)
                         net (fo=0)                   0.000     0.000    clk
    Y9                   IBUF (Prop_ibuf_I_O)         1.490     1.490 r  clk_IBUF_inst/O
                         net (fo=1, routed)           2.171     3.661    clk_IBUF
    BUFGCTRL_X0Y0        BUFG (Prop_bufg_I_O)         0.101     3.762 r  clk_IBUF_BUFG_inst/O
                         net (fo=45, routed)          2.061     5.823    clk_IBUF_BUFG
    SLICE_X110Y102       FDRE                                         r  pwm_out_reg/C
  -------------------------------------------------------------------    -------------------
    SLICE_X110Y102       FDRE (Prop_fdre_C_Q)         0.456     6.279 r  pwm_out_reg/Q
                         net (fo=1, routed)           6.019    12.298    pwm_out_OBUF
    Y10                  OBUF (Prop_obuf_I_O)         3.595    15.893 r  pwm_out_OBUF_inst/O
                         net (fo=0)                   0.000    15.893    pwm_out
    Y10                                                               r  pwm_out (OUT)
  -------------------------------------------------------------------    -------------------





Min Delay Paths
--------------------------------------------------------------------------------------
Slack:                    inf
  Source:                 pwm_out_reg/C
                            (rising edge-triggered cell FDRE clocked by clk  {rise@0.000ns fall@5.000ns period=10.000ns})
  Destination:            pwm_out
                            (output port)
  Path Group:             (none)
  Path Type:              Min at Fast Process Corner
  Data Path Delay:        3.748ns  (logic 1.436ns (38.311%)  route 2.312ns (61.689%))
  Logic Levels:           1  (OBUF=1)
  Clock Uncertainty:      0.025ns  ((TSJ^2 + TIJ^2)^1/2 + DJ) / 2 + PE
    Total System Jitter     (TSJ):    0.050ns
    Total Input Jitter      (TIJ):    0.000ns
    Discrete Jitter          (DJ):    0.000ns
    Phase Error              (PE):    0.000ns

    Location             Delay type                Incr(ns)  Path(ns)    Netlist Resource(s)
  -------------------------------------------------------------------    -------------------
                         (clock clk rise edge)        0.000     0.000 r  
    Y9                                                0.000     0.000 r  clk (IN)
                         net (fo=0)                   0.000     0.000    clk
    Y9                   IBUF (Prop_ibuf_I_O)         0.258     0.258 r  clk_IBUF_inst/O
                         net (fo=1, routed)           0.663     0.921    clk_IBUF
    BUFGCTRL_X0Y0        BUFG (Prop_bufg_I_O)         0.026     0.947 r  clk_IBUF_BUFG_inst/O
                         net (fo=45, routed)          0.721     1.668    clk_IBUF_BUFG
    SLICE_X110Y102       FDRE                                         r  pwm_out_reg/C
  -------------------------------------------------------------------    -------------------
    SLICE_X110Y102       FDRE (Prop_fdre_C_Q)         0.141     1.809 r  pwm_out_reg/Q
                         net (fo=1, routed)           2.312     4.121    pwm_out_OBUF
    Y10                  OBUF (Prop_obuf_I_O)         1.295     5.416 r  pwm_out_OBUF_inst/O
                         net (fo=0)                   0.000     5.416    pwm_out
    Y10                                                               r  pwm_out (OUT)
  -------------------------------------------------------------------    -------------------





--------------------------------------------------------------------------------------
Path Group:  (none)
From Clock:  
  To Clock:  clk

Max Delay            43 Endpoints
Min Delay            43 Endpoints
--------------------------------------------------------------------------------------


Max Delay Paths
--------------------------------------------------------------------------------------
Slack:                    inf
  Source:                 reset
                            (input port)
  Destination:            div_counter_reg[10]/R
                            (rising edge-triggered cell FDRE clocked by clk  {rise@0.000ns fall@5.000ns period=10.000ns})
  Path Group:             (none)
  Path Type:              Setup (Max at Slow Process Corner)
  Data Path Delay:        5.186ns  (logic 1.594ns (30.729%)  route 3.592ns (69.271%))
  Logic Levels:           2  (IBUF=1 LUT2=1)
  Clock Path Skew:        5.346ns (DCD - SCD + CPR)
    Destination Clock Delay (DCD):    5.346ns
    Source Clock Delay      (SCD):    0.000ns
    Clock Pessimism Removal (CPR):    0.000ns
  Clock Uncertainty:      0.025ns  ((TSJ^2 + TIJ^2)^1/2 + DJ) / 2 + PE
    Total System Jitter     (TSJ):    0.050ns
    Total Input Jitter      (TIJ):    0.000ns
    Discrete Jitter          (DJ):    0.000ns
    Phase Error              (PE):    0.000ns

    Location             Delay type                Incr(ns)  Path(ns)    Netlist Resource(s)
  -------------------------------------------------------------------    -------------------
    T18                                               0.000     0.000 r  reset (IN)
                         net (fo=0)                   0.000     0.000    reset
    T18                  IBUF (Prop_ibuf_I_O)         1.470     1.470 r  reset_IBUF_inst/O
                         net (fo=25, routed)          2.954     4.424    reset_IBUF
    SLICE_X110Y104       LUT2 (Prop_lut2_I1_O)        0.124     4.548 r  div_counter[0]_i_1/O
                         net (fo=12, routed)          0.638     5.186    div_counter[0]_i_1_n_0
    SLICE_X111Y104       FDRE                                         r  div_counter_reg[10]/R
  -------------------------------------------------------------------    -------------------

                         (clock clk rise edge)        0.000     0.000 r  
    Y9                                                0.000     0.000 r  clk (IN)
                         net (fo=0)                   0.000     0.000    clk
    Y9                   IBUF (Prop_ibuf_I_O)         1.420     1.420 r  clk_IBUF_inst/O
                         net (fo=1, routed)           1.972     3.392    clk_IBUF
    BUFGCTRL_X0Y0        BUFG (Prop_bufg_I_O)         0.091     3.483 r  clk_IBUF_BUFG_inst/O
                         net (fo=45, routed)          1.863     5.346    clk_IBUF_BUFG
    SLICE_X111Y104       FDRE                                         r  div_counter_reg[10]/C

Slack:                    inf
  Source:                 reset
                            (input port)
  Destination:            div_counter_reg[11]/R
                            (rising edge-triggered cell FDRE clocked by clk  {rise@0.000ns fall@5.000ns period=10.000ns})
  Path Group:             (none)
  Path Type:              Setup (Max at Slow Process Corner)
  Data Path Delay:        5.186ns  (logic 1.594ns (30.729%)  route 3.592ns (69.271%))
  Logic Levels:           2  (IBUF=1 LUT2=1)
  Clock Path Skew:        5.346ns (DCD - SCD + CPR)
    Destination Clock Delay (DCD):    5.346ns
    Source Clock Delay      (SCD):    0.000ns
    Clock Pessimism Removal (CPR):    0.000ns
  Clock Uncertainty:      0.025ns  ((TSJ^2 + TIJ^2)^1/2 + DJ) / 2 + PE
    Total System Jitter     (TSJ):    0.050ns
    Total Input Jitter      (TIJ):    0.000ns
    Discrete Jitter          (DJ):    0.000ns
    Phase Error              (PE):    0.000ns

    Location             Delay type                Incr(ns)  Path(ns)    Netlist Resource(s)
  -------------------------------------------------------------------    -------------------
    T18                                               0.000     0.000 r  reset (IN)
                         net (fo=0)                   0.000     0.000    reset
    T18                  IBUF (Prop_ibuf_I_O)         1.470     1.470 r  reset_IBUF_inst/O
                         net (fo=25, routed)          2.954     4.424    reset_IBUF
    SLICE_X110Y104       LUT2 (Prop_lut2_I1_O)        0.124     4.548 r  div_counter[0]_i_1/O
                         net (fo=12, routed)          0.638     5.186    div_counter[0]_i_1_n_0
    SLICE_X111Y104       FDRE                                         r  div_counter_reg[11]/R
  -------------------------------------------------------------------    -------------------

                         (clock clk rise edge)        0.000     0.000 r  
    Y9                                                0.000     0.000 r  clk (IN)
                         net (fo=0)                   0.000     0.000    clk
    Y9                   IBUF (Prop_ibuf_I_O)         1.420     1.420 r  clk_IBUF_inst/O
                         net (fo=1, routed)           1.972     3.392    clk_IBUF
    BUFGCTRL_X0Y0        BUFG (Prop_bufg_I_O)         0.091     3.483 r  clk_IBUF_BUFG_inst/O
                         net (fo=45, routed)          1.863     5.346    clk_IBUF_BUFG
    SLICE_X111Y104       FDRE                                         r  div_counter_reg[11]/C

Slack:                    inf
  Source:                 reset
                            (input port)
  Destination:            div_counter_reg[8]/R
                            (rising edge-triggered cell FDRE clocked by clk  {rise@0.000ns fall@5.000ns period=10.000ns})
  Path Group:             (none)
  Path Type:              Setup (Max at Slow Process Corner)
  Data Path Delay:        5.186ns  (logic 1.594ns (30.729%)  route 3.592ns (69.271%))
  Logic Levels:           2  (IBUF=1 LUT2=1)
  Clock Path Skew:        5.346ns (DCD - SCD + CPR)
    Destination Clock Delay (DCD):    5.346ns
    Source Clock Delay      (SCD):    0.000ns
    Clock Pessimism Removal (CPR):    0.000ns
  Clock Uncertainty:      0.025ns  ((TSJ^2 + TIJ^2)^1/2 + DJ) / 2 + PE
    Total System Jitter     (TSJ):    0.050ns
    Total Input Jitter      (TIJ):    0.000ns
    Discrete Jitter          (DJ):    0.000ns
    Phase Error              (PE):    0.000ns

    Location             Delay type                Incr(ns)  Path(ns)    Netlist Resource(s)
  -------------------------------------------------------------------    -------------------
    T18                                               0.000     0.000 r  reset (IN)
                         net (fo=0)                   0.000     0.000    reset
    T18                  IBUF (Prop_ibuf_I_O)         1.470     1.470 r  reset_IBUF_inst/O
                         net (fo=25, routed)          2.954     4.424    reset_IBUF
    SLICE_X110Y104       LUT2 (Prop_lut2_I1_O)        0.124     4.548 r  div_counter[0]_i_1/O
                         net (fo=12, routed)          0.638     5.186    div_counter[0]_i_1_n_0
    SLICE_X111Y104       FDRE                                         r  div_counter_reg[8]/R
  -------------------------------------------------------------------    -------------------

                         (clock clk rise edge)        0.000     0.000 r  
    Y9                                                0.000     0.000 r  clk (IN)
                         net (fo=0)                   0.000     0.000    clk
    Y9                   IBUF (Prop_ibuf_I_O)         1.420     1.420 r  clk_IBUF_inst/O
                         net (fo=1, routed)           1.972     3.392    clk_IBUF
    BUFGCTRL_X0Y0        BUFG (Prop_bufg_I_O)         0.091     3.483 r  clk_IBUF_BUFG_inst/O
                         net (fo=45, routed)          1.863     5.346    clk_IBUF_BUFG
    SLICE_X111Y104       FDRE                                         r  div_counter_reg[8]/C

Slack:                    inf
  Source:                 reset
                            (input port)
  Destination:            div_counter_reg[9]/R
                            (rising edge-triggered cell FDRE clocked by clk  {rise@0.000ns fall@5.000ns period=10.000ns})
  Path Group:             (none)
  Path Type:              Setup (Max at Slow Process Corner)
  Data Path Delay:        5.186ns  (logic 1.594ns (30.729%)  route 3.592ns (69.271%))
  Logic Levels:           2  (IBUF=1 LUT2=1)
  Clock Path Skew:        5.346ns (DCD - SCD + CPR)
    Destination Clock Delay (DCD):    5.346ns
    Source Clock Delay      (SCD):    0.000ns
    Clock Pessimism Removal (CPR):    0.000ns
  Clock Uncertainty:      0.025ns  ((TSJ^2 + TIJ^2)^1/2 + DJ) / 2 + PE
    Total System Jitter     (TSJ):    0.050ns
    Total Input Jitter      (TIJ):    0.000ns
    Discrete Jitter          (DJ):    0.000ns
    Phase Error              (PE):    0.000ns

    Location             Delay type                Incr(ns)  Path(ns)    Netlist Resource(s)
  -------------------------------------------------------------------    -------------------
    T18                                               0.000     0.000 r  reset (IN)
                         net (fo=0)                   0.000     0.000    reset
    T18                  IBUF (Prop_ibuf_I_O)         1.470     1.470 r  reset_IBUF_inst/O
                         net (fo=25, routed)          2.954     4.424    reset_IBUF
    SLICE_X110Y104       LUT2 (Prop_lut2_I1_O)        0.124     4.548 r  div_counter[0]_i_1/O
                         net (fo=12, routed)          0.638     5.186    div_counter[0]_i_1_n_0
    SLICE_X111Y104       FDRE                                         r  div_counter_reg[9]/R
  -------------------------------------------------------------------    -------------------

                         (clock clk rise edge)        0.000     0.000 r  
    Y9                                                0.000     0.000 r  clk (IN)
                         net (fo=0)                   0.000     0.000    clk
    Y9                   IBUF (Prop_ibuf_I_O)         1.420     1.420 r  clk_IBUF_inst/O
                         net (fo=1, routed)           1.972     3.392    clk_IBUF
    BUFGCTRL_X0Y0        BUFG (Prop_bufg_I_O)         0.091     3.483 r  clk_IBUF_BUFG_inst/O
                         net (fo=45, routed)          1.863     5.346    clk_IBUF_BUFG
    SLICE_X111Y104       FDRE                                         r  div_counter_reg[9]/C

Slack:                    inf
  Source:                 reset
                            (input port)
  Destination:            div_counter_reg[0]/R
                            (rising edge-triggered cell FDRE clocked by clk  {rise@0.000ns fall@5.000ns period=10.000ns})
  Path Group:             (none)
  Path Type:              Setup (Max at Slow Process Corner)
  Data Path Delay:        5.087ns  (logic 1.594ns (31.329%)  route 3.493ns (68.671%))
  Logic Levels:           2  (IBUF=1 LUT2=1)
  Clock Path Skew:        5.347ns (DCD - SCD + CPR)
    Destination Clock Delay (DCD):    5.347ns
    Source Clock Delay      (SCD):    0.000ns
    Clock Pessimism Removal (CPR):    0.000ns
  Clock Uncertainty:      0.025ns  ((TSJ^2 + TIJ^2)^1/2 + DJ) / 2 + PE
    Total System Jitter     (TSJ):    0.050ns
    Total Input Jitter      (TIJ):    0.000ns
    Discrete Jitter          (DJ):    0.000ns
    Phase Error              (PE):    0.000ns

    Location             Delay type                Incr(ns)  Path(ns)    Netlist Resource(s)
  -------------------------------------------------------------------    -------------------
    T18                                               0.000     0.000 r  reset (IN)
                         net (fo=0)                   0.000     0.000    reset
    T18                  IBUF (Prop_ibuf_I_O)         1.470     1.470 r  reset_IBUF_inst/O
                         net (fo=25, routed)          2.954     4.424    reset_IBUF
    SLICE_X110Y104       LUT2 (Prop_lut2_I1_O)        0.124     4.548 r  div_counter[0]_i_1/O
                         net (fo=12, routed)          0.539     5.087    div_counter[0]_i_1_n_0
    SLICE_X111Y102       FDRE                                         r  div_counter_reg[0]/R
  -------------------------------------------------------------------    -------------------

                         (clock clk rise edge)        0.000     0.000 r  
    Y9                                                0.000     0.000 r  clk (IN)
                         net (fo=0)                   0.000     0.000    clk
    Y9                   IBUF (Prop_ibuf_I_O)         1.420     1.420 r  clk_IBUF_inst/O
                         net (fo=1, routed)           1.972     3.392    clk_IBUF
    BUFGCTRL_X0Y0        BUFG (Prop_bufg_I_O)         0.091     3.483 r  clk_IBUF_BUFG_inst/O
                         net (fo=45, routed)          1.864     5.347    clk_IBUF_BUFG
    SLICE_X111Y102       FDRE                                         r  div_counter_reg[0]/C

Slack:                    inf
  Source:                 reset
                            (input port)
  Destination:            div_counter_reg[1]/R
                            (rising edge-triggered cell FDRE clocked by clk  {rise@0.000ns fall@5.000ns period=10.000ns})
  Path Group:             (none)
  Path Type:              Setup (Max at Slow Process Corner)
  Data Path Delay:        5.087ns  (logic 1.594ns (31.329%)  route 3.493ns (68.671%))
  Logic Levels:           2  (IBUF=1 LUT2=1)
  Clock Path Skew:        5.347ns (DCD - SCD + CPR)
    Destination Clock Delay (DCD):    5.347ns
    Source Clock Delay      (SCD):    0.000ns
    Clock Pessimism Removal (CPR):    0.000ns
  Clock Uncertainty:      0.025ns  ((TSJ^2 + TIJ^2)^1/2 + DJ) / 2 + PE
    Total System Jitter     (TSJ):    0.050ns
    Total Input Jitter      (TIJ):    0.000ns
    Discrete Jitter          (DJ):    0.000ns
    Phase Error              (PE):    0.000ns

    Location             Delay type                Incr(ns)  Path(ns)    Netlist Resource(s)
  -------------------------------------------------------------------    -------------------
    T18                                               0.000     0.000 r  reset (IN)
                         net (fo=0)                   0.000     0.000    reset
    T18                  IBUF (Prop_ibuf_I_O)         1.470     1.470 r  reset_IBUF_inst/O
                         net (fo=25, routed)          2.954     4.424    reset_IBUF
    SLICE_X110Y104       LUT2 (Prop_lut2_I1_O)        0.124     4.548 r  div_counter[0]_i_1/O
                         net (fo=12, routed)          0.539     5.087    div_counter[0]_i_1_n_0
    SLICE_X111Y102       FDRE                                         r  div_counter_reg[1]/R
  -------------------------------------------------------------------    -------------------

                         (clock clk rise edge)        0.000     0.000 r  
    Y9                                                0.000     0.000 r  clk (IN)
                         net (fo=0)                   0.000     0.000    clk
    Y9                   IBUF (Prop_ibuf_I_O)         1.420     1.420 r  clk_IBUF_inst/O
                         net (fo=1, routed)           1.972     3.392    clk_IBUF
    BUFGCTRL_X0Y0        BUFG (Prop_bufg_I_O)         0.091     3.483 r  clk_IBUF_BUFG_inst/O
                         net (fo=45, routed)          1.864     5.347    clk_IBUF_BUFG
    SLICE_X111Y102       FDRE                                         r  div_counter_reg[1]/C

Slack:                    inf
  Source:                 reset
                            (input port)
  Destination:            div_counter_reg[2]/R
                            (rising edge-triggered cell FDRE clocked by clk  {rise@0.000ns fall@5.000ns period=10.000ns})
  Path Group:             (none)
  Path Type:              Setup (Max at Slow Process Corner)
  Data Path Delay:        5.087ns  (logic 1.594ns (31.329%)  route 3.493ns (68.671%))
  Logic Levels:           2  (IBUF=1 LUT2=1)
  Clock Path Skew:        5.347ns (DCD - SCD + CPR)
    Destination Clock Delay (DCD):    5.347ns
    Source Clock Delay      (SCD):    0.000ns
    Clock Pessimism Removal (CPR):    0.000ns
  Clock Uncertainty:      0.025ns  ((TSJ^2 + TIJ^2)^1/2 + DJ) / 2 + PE
    Total System Jitter     (TSJ):    0.050ns
    Total Input Jitter      (TIJ):    0.000ns
    Discrete Jitter          (DJ):    0.000ns
    Phase Error              (PE):    0.000ns

    Location             Delay type                Incr(ns)  Path(ns)    Netlist Resource(s)
  -------------------------------------------------------------------    -------------------
    T18                                               0.000     0.000 r  reset (IN)
                         net (fo=0)                   0.000     0.000    reset
    T18                  IBUF (Prop_ibuf_I_O)         1.470     1.470 r  reset_IBUF_inst/O
                         net (fo=25, routed)          2.954     4.424    reset_IBUF
    SLICE_X110Y104       LUT2 (Prop_lut2_I1_O)        0.124     4.548 r  div_counter[0]_i_1/O
                         net (fo=12, routed)          0.539     5.087    div_counter[0]_i_1_n_0
    SLICE_X111Y102       FDRE                                         r  div_counter_reg[2]/R
  -------------------------------------------------------------------    -------------------

                         (clock clk rise edge)        0.000     0.000 r  
    Y9                                                0.000     0.000 r  clk (IN)
                         net (fo=0)                   0.000     0.000    clk
    Y9                   IBUF (Prop_ibuf_I_O)         1.420     1.420 r  clk_IBUF_inst/O
                         net (fo=1, routed)           1.972     3.392    clk_IBUF
    BUFGCTRL_X0Y0        BUFG (Prop_bufg_I_O)         0.091     3.483 r  clk_IBUF_BUFG_inst/O
                         net (fo=45, routed)          1.864     5.347    clk_IBUF_BUFG
    SLICE_X111Y102       FDRE                                         r  div_counter_reg[2]/C

Slack:                    inf
  Source:                 reset
                            (input port)
  Destination:            div_counter_reg[3]/R
                            (rising edge-triggered cell FDRE clocked by clk  {rise@0.000ns fall@5.000ns period=10.000ns})
  Path Group:             (none)
  Path Type:              Setup (Max at Slow Process Corner)
  Data Path Delay:        5.087ns  (logic 1.594ns (31.329%)  route 3.493ns (68.671%))
  Logic Levels:           2  (IBUF=1 LUT2=1)
  Clock Path Skew:        5.347ns (DCD - SCD + CPR)
    Destination Clock Delay (DCD):    5.347ns
    Source Clock Delay      (SCD):    0.000ns
    Clock Pessimism Removal (CPR):    0.000ns
  Clock Uncertainty:      0.025ns  ((TSJ^2 + TIJ^2)^1/2 + DJ) / 2 + PE
    Total System Jitter     (TSJ):    0.050ns
    Total Input Jitter      (TIJ):    0.000ns
    Discrete Jitter          (DJ):    0.000ns
    Phase Error              (PE):    0.000ns

    Location             Delay type                Incr(ns)  Path(ns)    Netlist Resource(s)
  -------------------------------------------------------------------    -------------------
    T18                                               0.000     0.000 r  reset (IN)
                         net (fo=0)                   0.000     0.000    reset
    T18                  IBUF (Prop_ibuf_I_O)         1.470     1.470 r  reset_IBUF_inst/O
                         net (fo=25, routed)          2.954     4.424    reset_IBUF
    SLICE_X110Y104       LUT2 (Prop_lut2_I1_O)        0.124     4.548 r  div_counter[0]_i_1/O
                         net (fo=12, routed)          0.539     5.087    div_counter[0]_i_1_n_0
    SLICE_X111Y102       FDRE                                         r  div_counter_reg[3]/R
  -------------------------------------------------------------------    -------------------

                         (clock clk rise edge)        0.000     0.000 r  
    Y9                                                0.000     0.000 r  clk (IN)
                         net (fo=0)                   0.000     0.000    clk
    Y9                   IBUF (Prop_ibuf_I_O)         1.420     1.420 r  clk_IBUF_inst/O
                         net (fo=1, routed)           1.972     3.392    clk_IBUF
    BUFGCTRL_X0Y0        BUFG (Prop_bufg_I_O)         0.091     3.483 r  clk_IBUF_BUFG_inst/O
                         net (fo=45, routed)          1.864     5.347    clk_IBUF_BUFG
    SLICE_X111Y102       FDRE                                         r  div_counter_reg[3]/C

Slack:                    inf
  Source:                 reset
                            (input port)
  Destination:            div_counter_reg[4]/R
                            (rising edge-triggered cell FDRE clocked by clk  {rise@0.000ns fall@5.000ns period=10.000ns})
  Path Group:             (none)
  Path Type:              Setup (Max at Slow Process Corner)
  Data Path Delay:        5.047ns  (logic 1.594ns (31.571%)  route 3.454ns (68.429%))
  Logic Levels:           2  (IBUF=1 LUT2=1)
  Clock Path Skew:        5.346ns (DCD - SCD + CPR)
    Destination Clock Delay (DCD):    5.346ns
    Source Clock Delay      (SCD):    0.000ns
    Clock Pessimism Removal (CPR):    0.000ns
  Clock Uncertainty:      0.025ns  ((TSJ^2 + TIJ^2)^1/2 + DJ) / 2 + PE
    Total System Jitter     (TSJ):    0.050ns
    Total Input Jitter      (TIJ):    0.000ns
    Discrete Jitter          (DJ):    0.000ns
    Phase Error              (PE):    0.000ns

    Location             Delay type                Incr(ns)  Path(ns)    Netlist Resource(s)
  -------------------------------------------------------------------    -------------------
    T18                                               0.000     0.000 r  reset (IN)
                         net (fo=0)                   0.000     0.000    reset
    T18                  IBUF (Prop_ibuf_I_O)         1.470     1.470 r  reset_IBUF_inst/O
                         net (fo=25, routed)          2.954     4.424    reset_IBUF
    SLICE_X110Y104       LUT2 (Prop_lut2_I1_O)        0.124     4.548 r  div_counter[0]_i_1/O
                         net (fo=12, routed)          0.500     5.047    div_counter[0]_i_1_n_0
    SLICE_X111Y103       FDRE                                         r  div_counter_reg[4]/R
  -------------------------------------------------------------------    -------------------

                         (clock clk rise edge)        0.000     0.000 r  
    Y9                                                0.000     0.000 r  clk (IN)
                         net (fo=0)                   0.000     0.000    clk
    Y9                   IBUF (Prop_ibuf_I_O)         1.420     1.420 r  clk_IBUF_inst/O
                         net (fo=1, routed)           1.972     3.392    clk_IBUF
    BUFGCTRL_X0Y0        BUFG (Prop_bufg_I_O)         0.091     3.483 r  clk_IBUF_BUFG_inst/O
                         net (fo=45, routed)          1.863     5.346    clk_IBUF_BUFG
    SLICE_X111Y103       FDRE                                         r  div_counter_reg[4]/C

Slack:                    inf
  Source:                 reset
                            (input port)
  Destination:            div_counter_reg[5]/R
                            (rising edge-triggered cell FDRE clocked by clk  {rise@0.000ns fall@5.000ns period=10.000ns})
  Path Group:             (none)
  Path Type:              Setup (Max at Slow Process Corner)
  Data Path Delay:        5.047ns  (logic 1.594ns (31.571%)  route 3.454ns (68.429%))
  Logic Levels:           2  (IBUF=1 LUT2=1)
  Clock Path Skew:        5.346ns (DCD - SCD + CPR)
    Destination Clock Delay (DCD):    5.346ns
    Source Clock Delay      (SCD):    0.000ns
    Clock Pessimism Removal (CPR):    0.000ns
  Clock Uncertainty:      0.025ns  ((TSJ^2 + TIJ^2)^1/2 + DJ) / 2 + PE
    Total System Jitter     (TSJ):    0.050ns
    Total Input Jitter      (TIJ):    0.000ns
    Discrete Jitter          (DJ):    0.000ns
    Phase Error              (PE):    0.000ns

    Location             Delay type                Incr(ns)  Path(ns)    Netlist Resource(s)
  -------------------------------------------------------------------    -------------------
    T18                                               0.000     0.000 r  reset (IN)
                         net (fo=0)                   0.000     0.000    reset
    T18                  IBUF (Prop_ibuf_I_O)         1.470     1.470 r  reset_IBUF_inst/O
                         net (fo=25, routed)          2.954     4.424    reset_IBUF
    SLICE_X110Y104       LUT2 (Prop_lut2_I1_O)        0.124     4.548 r  div_counter[0]_i_1/O
                         net (fo=12, routed)          0.500     5.047    div_counter[0]_i_1_n_0
    SLICE_X111Y103       FDRE                                         r  div_counter_reg[5]/R
  -------------------------------------------------------------------    -------------------

                         (clock clk rise edge)        0.000     0.000 r  
    Y9                                                0.000     0.000 r  clk (IN)
                         net (fo=0)                   0.000     0.000    clk
    Y9                   IBUF (Prop_ibuf_I_O)         1.420     1.420 r  clk_IBUF_inst/O
                         net (fo=1, routed)           1.972     3.392    clk_IBUF
    BUFGCTRL_X0Y0        BUFG (Prop_bufg_I_O)         0.091     3.483 r  clk_IBUF_BUFG_inst/O
                         net (fo=45, routed)          1.863     5.346    clk_IBUF_BUFG
    SLICE_X111Y103       FDRE                                         r  div_counter_reg[5]/C





Min Delay Paths
--------------------------------------------------------------------------------------
Slack:                    inf
  Source:                 freq_sel[1]
                            (input port)
  Destination:            freq_sel_s1_reg[1]/D
                            (rising edge-triggered cell FDRE clocked by clk  {rise@0.000ns fall@5.000ns period=10.000ns})
  Path Group:             (none)
  Path Type:              Hold (Min at Fast Process Corner)
  Data Path Delay:        0.540ns  (logic 0.183ns (33.981%)  route 0.356ns (66.019%))
  Logic Levels:           1  (IBUF=1)
  Clock Path Skew:        2.190ns (DCD - SCD - CPR)
    Destination Clock Delay (DCD):    2.190ns
    Source Clock Delay      (SCD):    0.000ns
    Clock Pessimism Removal (CPR):    -0.000ns

    Location             Delay type                Incr(ns)  Path(ns)    Netlist Resource(s)
  -------------------------------------------------------------------    -------------------
    G22                                               0.000     0.000 r  freq_sel[1] (IN)
                         net (fo=0)                   0.000     0.000    freq_sel[1]
    G22                  IBUF (Prop_ibuf_I_O)         0.183     0.183 r  freq_sel_IBUF[1]_inst/O
                         net (fo=1, routed)           0.356     0.540    freq_sel_IBUF[1]
    SLICE_X112Y103       FDRE                                         r  freq_sel_s1_reg[1]/D
  -------------------------------------------------------------------    -------------------

                         (clock clk rise edge)        0.000     0.000 r  
    Y9                                                0.000     0.000 r  clk (IN)
                         net (fo=0)                   0.000     0.000    clk
    Y9                   IBUF (Prop_ibuf_I_O)         0.446     0.446 r  clk_IBUF_inst/O
                         net (fo=1, routed)           0.719     1.165    clk_IBUF
    BUFGCTRL_X0Y0        BUFG (Prop_bufg_I_O)         0.029     1.194 r  clk_IBUF_BUFG_inst/O
                         net (fo=45, routed)          0.996     2.190    clk_IBUF_BUFG
    SLICE_X112Y103       FDRE                                         r  freq_sel_s1_reg[1]/C

Slack:                    inf
  Source:                 freq_sel[0]
                            (input port)
  Destination:            freq_sel_s1_reg[0]/D
                            (rising edge-triggered cell FDSE clocked by clk  {rise@0.000ns fall@5.000ns period=10.000ns})
  Path Group:             (none)
  Path Type:              Hold (Min at Fast Process Corner)
  Data Path Delay:        0.576ns  (logic 0.201ns (34.850%)  route 0.375ns (65.150%))
  Logic Levels:           1  (IBUF=1)
  Clock Path Skew:        2.190ns (DCD - SCD - CPR)
    Destination Clock Delay (DCD):    2.190ns
    Source Clock Delay      (SCD):    0.000ns
    Clock Pessimism Removal (CPR):    -0.000ns

    Location             Delay type                Incr(ns)  Path(ns)    Netlist Resource(s)
  -------------------------------------------------------------------    -------------------
    F22                                               0.000     0.000 r  freq_sel[0] (IN)
                         net (fo=0)                   0.000     0.000    freq_sel[0]
    F22                  IBUF (Prop_ibuf_I_O)         0.201     0.201 r  freq_sel_IBUF[0]_inst/O
                         net (fo=1, routed)           0.375     0.576    freq_sel_IBUF[0]
    SLICE_X113Y103       FDSE                                         r  freq_sel_s1_reg[0]/D
  -------------------------------------------------------------------    -------------------

                         (clock clk rise edge)        0.000     0.000 r  
    Y9                                                0.000     0.000 r  clk (IN)
                         net (fo=0)                   0.000     0.000    clk
    Y9                   IBUF (Prop_ibuf_I_O)         0.446     0.446 r  clk_IBUF_inst/O
                         net (fo=1, routed)           0.719     1.165    clk_IBUF
    BUFGCTRL_X0Y0        BUFG (Prop_bufg_I_O)         0.029     1.194 r  clk_IBUF_BUFG_inst/O
                         net (fo=45, routed)          0.996     2.190    clk_IBUF_BUFG
    SLICE_X113Y103       FDSE                                         r  freq_sel_s1_reg[0]/C

Slack:                    inf
  Source:                 freq_sel[3]
                            (input port)
  Destination:            freq_sel_s1_reg[3]/D
                            (rising edge-triggered cell FDRE clocked by clk  {rise@0.000ns fall@5.000ns period=10.000ns})
  Path Group:             (none)
  Path Type:              Hold (Min at Fast Process Corner)
  Data Path Delay:        0.608ns  (logic 0.218ns (35.842%)  route 0.390ns (64.158%))
  Logic Levels:           1  (IBUF=1)
  Clock Path Skew:        2.190ns (DCD - SCD - CPR)
    Destination Clock Delay (DCD):    2.190ns
    Source Clock Delay      (SCD):    0.000ns
    Clock Pessimism Removal (CPR):    -0.000ns

    Location             Delay type                Incr(ns)  Path(ns)    Netlist Resource(s)
  -------------------------------------------------------------------    -------------------
    F21                                               0.000     0.000 r  freq_sel[3] (IN)
                         net (fo=0)                   0.000     0.000    freq_sel[3]
    F21                  IBUF (Prop_ibuf_I_O)         0.218     0.218 r  freq_sel_IBUF[3]_inst/O
                         net (fo=1, routed)           0.390     0.608    freq_sel_IBUF[3]
    SLICE_X112Y103       FDRE                                         r  freq_sel_s1_reg[3]/D
  -------------------------------------------------------------------    -------------------

                         (clock clk rise edge)        0.000     0.000 r  
    Y9                                                0.000     0.000 r  clk (IN)
                         net (fo=0)                   0.000     0.000    clk
    Y9                   IBUF (Prop_ibuf_I_O)         0.446     0.446 r  clk_IBUF_inst/O
                         net (fo=1, routed)           0.719     1.165    clk_IBUF
    BUFGCTRL_X0Y0        BUFG (Prop_bufg_I_O)         0.029     1.194 r  clk_IBUF_BUFG_inst/O
                         net (fo=45, routed)          0.996     2.190    clk_IBUF_BUFG
    SLICE_X112Y103       FDRE                                         r  freq_sel_s1_reg[3]/C

Slack:                    inf
  Source:                 duty[0]
                            (input port)
  Destination:            duty_s1_reg[0]/D
                            (rising edge-triggered cell FDRE clocked by clk  {rise@0.000ns fall@5.000ns period=10.000ns})
  Path Group:             (none)
  Path Type:              Hold (Min at Fast Process Corner)
  Data Path Delay:        0.669ns  (logic 0.148ns (22.153%)  route 0.520ns (77.847%))
  Logic Levels:           1  (IBUF=1)
  Clock Path Skew:        2.190ns (DCD - SCD - CPR)
    Destination Clock Delay (DCD):    2.190ns
    Source Clock Delay      (SCD):    0.000ns
    Clock Pessimism Removal (CPR):    -0.000ns

    Location             Delay type                Incr(ns)  Path(ns)    Netlist Resource(s)
  -------------------------------------------------------------------    -------------------
    H19                                               0.000     0.000 r  duty[0] (IN)
                         net (fo=0)                   0.000     0.000    duty[0]
    H19                  IBUF (Prop_ibuf_I_O)         0.148     0.148 r  duty_IBUF[0]_inst/O
                         net (fo=1, routed)           0.520     0.669    duty_IBUF[0]
    SLICE_X113Y104       FDRE                                         r  duty_s1_reg[0]/D
  -------------------------------------------------------------------    -------------------

                         (clock clk rise edge)        0.000     0.000 r  
    Y9                                                0.000     0.000 r  clk (IN)
                         net (fo=0)                   0.000     0.000    clk
    Y9                   IBUF (Prop_ibuf_I_O)         0.446     0.446 r  clk_IBUF_inst/O
                         net (fo=1, routed)           0.719     1.165    clk_IBUF
    BUFGCTRL_X0Y0        BUFG (Prop_bufg_I_O)         0.029     1.194 r  clk_IBUF_BUFG_inst/O
                         net (fo=45, routed)          0.996     2.190    clk_IBUF_BUFG
    SLICE_X113Y104       FDRE                                         r  duty_s1_reg[0]/C

Slack:                    inf
  Source:                 freq_sel[2]
                            (input port)
  Destination:            freq_sel_s1_reg[2]/D
                            (rising edge-triggered cell FDRE clocked by clk  {rise@0.000ns fall@5.000ns period=10.000ns})
  Path Group:             (none)
  Path Type:              Hold (Min at Fast Process Corner)
  Data Path Delay:        0.676ns  (logic 0.170ns (25.161%)  route 0.506ns (74.839%))
  Logic Levels:           1  (IBUF=1)
  Clock Path Skew:        2.190ns (DCD - SCD - CPR)
    Destination Clock Delay (DCD):    2.190ns
    Source Clock Delay      (SCD):    0.000ns
    Clock Pessimism Removal (CPR):    -0.000ns

    Location             Delay type                Incr(ns)  Path(ns)    Netlist Resource(s)
  -------------------------------------------------------------------    -------------------
    H22                                               0.000     0.000 r  freq_sel[2] (IN)
                         net (fo=0)                   0.000     0.000    freq_sel[2]
    H22                  IBUF (Prop_ibuf_I_O)         0.170     0.170 r  freq_sel_IBUF[2]_inst/O
                         net (fo=1, routed)           0.506     0.676    freq_sel_IBUF[2]
    SLICE_X113Y103       FDRE                                         r  freq_sel_s1_reg[2]/D
  -------------------------------------------------------------------    -------------------

                         (clock clk rise edge)        0.000     0.000 r  
    Y9                                                0.000     0.000 r  clk (IN)
                         net (fo=0)                   0.000     0.000    clk
    Y9                   IBUF (Prop_ibuf_I_O)         0.446     0.446 r  clk_IBUF_inst/O
                         net (fo=1, routed)           0.719     1.165    clk_IBUF
    BUFGCTRL_X0Y0        BUFG (Prop_bufg_I_O)         0.029     1.194 r  clk_IBUF_BUFG_inst/O
                         net (fo=45, routed)          0.996     2.190    clk_IBUF_BUFG
    SLICE_X113Y103       FDRE                                         r  freq_sel_s1_reg[2]/C

Slack:                    inf
  Source:                 duty[1]
                            (input port)
  Destination:            duty_s1_reg[1]/D
                            (rising edge-triggered cell FDRE clocked by clk  {rise@0.000ns fall@5.000ns period=10.000ns})
  Path Group:             (none)
  Path Type:              Hold (Min at Fast Process Corner)
  Data Path Delay:        0.708ns  (logic 0.163ns (23.087%)  route 0.545ns (76.913%))
  Logic Levels:           1  (IBUF=1)
  Clock Path Skew:        2.190ns (DCD - SCD - CPR)
    Destination Clock Delay (DCD):    2.190ns
    Source Clock Delay      (SCD):    0.000ns
    Clock Pessimism Removal (CPR):    -0.000ns

    Location             Delay type                Incr(ns)  Path(ns)    Netlist Resource(s)
  -------------------------------------------------------------------    -------------------
    H18                                               0.000     0.000 r  duty[1] (IN)
                         net (fo=0)                   0.000     0.000    duty[1]
    H18                  IBUF (Prop_ibuf_I_O)         0.163     0.163 r  duty_IBUF[1]_inst/O
                         net (fo=1, routed)           0.545     0.708    duty_IBUF[1]
    SLICE_X113Y104       FDRE                                         r  duty_s1_reg[1]/D
  -------------------------------------------------------------------    -------------------

                         (clock clk rise edge)        0.000     0.000 r  
    Y9                                                0.000     0.000 r  clk (IN)
                         net (fo=0)                   0.000     0.000    clk
    Y9                   IBUF (Prop_ibuf_I_O)         0.446     0.446 r  clk_IBUF_inst/O
                         net (fo=1, routed)           0.719     1.165    clk_IBUF
    BUFGCTRL_X0Y0        BUFG (Prop_bufg_I_O)         0.029     1.194 r  clk_IBUF_BUFG_inst/O
                         net (fo=45, routed)          0.996     2.190    clk_IBUF_BUFG
    SLICE_X113Y104       FDRE                                         r  duty_s1_reg[1]/C

Slack:                    inf
  Source:                 reset
                            (input port)
  Destination:            freq_sel_sync_reg[0]/S
                            (rising edge-triggered cell FDSE clocked by clk  {rise@0.000ns fall@5.000ns period=10.000ns})
  Path Group:             (none)
  Path Type:              Hold (Min at Fast Process Corner)
  Data Path Delay:        1.105ns  (logic 0.237ns (21.484%)  route 0.868ns (78.516%))
  Logic Levels:           1  (IBUF=1)
  Clock Path Skew:        2.191ns (DCD - SCD - CPR)
    Destination Clock Delay (DCD):    2.191ns
    Source Clock Delay      (SCD):    0.000ns
    Clock Pessimism Removal (CPR):    -0.000ns

    Location             Delay type                Incr(ns)  Path(ns)    Netlist Resource(s)
  -------------------------------------------------------------------    -------------------
    T18                                               0.000     0.000 r  reset (IN)
                         net (fo=0)                   0.000     0.000    reset
    T18                  IBUF (Prop_ibuf_I_O)         0.237     0.237 r  reset_IBUF_inst/O
                         net (fo=25, routed)          0.868     1.105    reset_IBUF
    SLICE_X112Y102       FDSE                                         r  freq_sel_sync_reg[0]/S
  -------------------------------------------------------------------    -------------------

                         (clock clk rise edge)        0.000     0.000 r  
    Y9                                                0.000     0.000 r  clk (IN)
                         net (fo=0)                   0.000     0.000    clk
    Y9                   IBUF (Prop_ibuf_I_O)         0.446     0.446 r  clk_IBUF_inst/O
                         net (fo=1, routed)           0.719     1.165    clk_IBUF
    BUFGCTRL_X0Y0        BUFG (Prop_bufg_I_O)         0.029     1.194 r  clk_IBUF_BUFG_inst/O
                         net (fo=45, routed)          0.997     2.191    clk_IBUF_BUFG
    SLICE_X112Y102       FDSE                                         r  freq_sel_sync_reg[0]/C

Slack:                    inf
  Source:                 reset
                            (input port)
  Destination:            pwm_out_reg/R
                            (rising edge-triggered cell FDRE clocked by clk  {rise@0.000ns fall@5.000ns period=10.000ns})
  Path Group:             (none)
  Path Type:              Hold (Min at Fast Process Corner)
  Data Path Delay:        1.133ns  (logic 0.237ns (20.963%)  route 0.895ns (79.037%))
  Logic Levels:           1  (IBUF=1)
  Clock Path Skew:        2.191ns (DCD - SCD - CPR)
    Destination Clock Delay (DCD):    2.191ns
    Source Clock Delay      (SCD):    0.000ns
    Clock Pessimism Removal (CPR):    -0.000ns

    Location             Delay type                Incr(ns)  Path(ns)    Netlist Resource(s)
  -------------------------------------------------------------------    -------------------
    T18                                               0.000     0.000 r  reset (IN)
                         net (fo=0)                   0.000     0.000    reset
    T18                  IBUF (Prop_ibuf_I_O)         0.237     0.237 r  reset_IBUF_inst/O
                         net (fo=25, routed)          0.895     1.133    reset_IBUF
    SLICE_X110Y102       FDRE                                         r  pwm_out_reg/R
  -------------------------------------------------------------------    -------------------

                         (clock clk rise edge)        0.000     0.000 r  
    Y9                                                0.000     0.000 r  clk (IN)
                         net (fo=0)                   0.000     0.000    clk
    Y9                   IBUF (Prop_ibuf_I_O)         0.446     0.446 r  clk_IBUF_inst/O
                         net (fo=1, routed)           0.719     1.165    clk_IBUF
    BUFGCTRL_X0Y0        BUFG (Prop_bufg_I_O)         0.029     1.194 r  clk_IBUF_BUFG_inst/O
                         net (fo=45, routed)          0.997     2.191    clk_IBUF_BUFG
    SLICE_X110Y102       FDRE                                         r  pwm_out_reg/C

Slack:                    inf
  Source:                 reset
                            (input port)
  Destination:            freq_sel_s1_reg[0]/S
                            (rising edge-triggered cell FDSE clocked by clk  {rise@0.000ns fall@5.000ns period=10.000ns})
  Path Group:             (none)
  Path Type:              Hold (Min at Fast Process Corner)
  Data Path Delay:        1.176ns  (logic 0.237ns (20.193%)  route 0.939ns (79.807%))
  Logic Levels:           1  (IBUF=1)
  Clock Path Skew:        2.190ns (DCD - SCD - CPR)
    Destination Clock Delay (DCD):    2.190ns
    Source Clock Delay      (SCD):    0.000ns
    Clock Pessimism Removal (CPR):    -0.000ns

    Location             Delay type                Incr(ns)  Path(ns)    Netlist Resource(s)
  -------------------------------------------------------------------    -------------------
    T18                                               0.000     0.000 r  reset (IN)
                         net (fo=0)                   0.000     0.000    reset
    T18                  IBUF (Prop_ibuf_I_O)         0.237     0.237 r  reset_IBUF_inst/O
                         net (fo=25, routed)          0.939     1.176    reset_IBUF
    SLICE_X113Y103       FDSE                                         r  freq_sel_s1_reg[0]/S
  -------------------------------------------------------------------    -------------------

                         (clock clk rise edge)        0.000     0.000 r  
    Y9                                                0.000     0.000 r  clk (IN)
                         net (fo=0)                   0.000     0.000    clk
    Y9                   IBUF (Prop_ibuf_I_O)         0.446     0.446 r  clk_IBUF_inst/O
                         net (fo=1, routed)           0.719     1.165    clk_IBUF
    BUFGCTRL_X0Y0        BUFG (Prop_bufg_I_O)         0.029     1.194 r  clk_IBUF_BUFG_inst/O
                         net (fo=45, routed)          0.996     2.190    clk_IBUF_BUFG
    SLICE_X113Y103       FDSE                                         r  freq_sel_s1_reg[0]/C

Slack:                    inf
  Source:                 reset
                            (input port)
  Destination:            freq_sel_s1_reg[1]/R
                            (rising edge-triggered cell FDRE clocked by clk  {rise@0.000ns fall@5.000ns period=10.000ns})
  Path Group:             (none)
  Path Type:              Hold (Min at Fast Process Corner)
  Data Path Delay:        1.176ns  (logic 0.237ns (20.193%)  route 0.939ns (79.807%))
  Logic Levels:           1  (IBUF=1)
  Clock Path Skew:        2.190ns (DCD - SCD - CPR)
    Destination Clock Delay (DCD):    2.190ns
    Source Clock Delay      (SCD):    0.000ns
    Clock Pessimism Removal (CPR):    -0.000ns

    Location             Delay type                Incr(ns)  Path(ns)    Netlist Resource(s)
  -------------------------------------------------------------------    -------------------
    T18                                               0.000     0.000 r  reset (IN)
                         net (fo=0)                   0.000     0.000    reset
    T18                  IBUF (Prop_ibuf_I_O)         0.237     0.237 r  reset_IBUF_inst/O
                         net (fo=25, routed)          0.939     1.176    reset_IBUF
    SLICE_X112Y103       FDRE                                         r  freq_sel_s1_reg[1]/R
  -------------------------------------------------------------------    -------------------

                         (clock clk rise edge)        0.000     0.000 r  
    Y9                                                0.000     0.000 r  clk (IN)
                         net (fo=0)                   0.000     0.000    clk
    Y9                   IBUF (Prop_ibuf_I_O)         0.446     0.446 r  clk_IBUF_inst/O
                         net (fo=1, routed)           0.719     1.165    clk_IBUF
    BUFGCTRL_X0Y0        BUFG (Prop_bufg_I_O)         0.029     1.194 r  clk_IBUF_BUFG_inst/O
                         net (fo=45, routed)          0.996     2.190    clk_IBUF_BUFG
    SLICE_X112Y103       FDRE                                         r  freq_sel_s1_reg[1]/C





